RAS_id,locus_tag,lat,daylight,depth,temp,sal,sig,O2_conc,O2_sat,chl_sens,CO2,pH,AW_frac,PW_frac,NO3_NO2,PO4,NO2,SiO4,iceConc,iceDist,icePast,iceDistPast,MLD,sample_title,clip_id,cycles,read_fwd,miseq_id,mooring_full,mooring,date1,date2,date3,date4,year,month,month_full,lon,pcr_primer,target_subfragment,read_fwd_run2,read_rev_run2,PangaeaEvent_Deployment,PangaeaEvent_Recovery,DNA_ng_uL,read_rev,date,RAS_id_2,location,PAR_satellite,Richness,Shannon_diversity,Evenness,CV_per_genome_sum
08_2016_F4_1,16S,79.01,24,28.83,6.15,35.1,27.61,306.3,99.67,2.09,320.85,8.06,0.96,0.04,3.53,0.47,0.02,2.31,0,76.01,4.29,66.49,0,RAS_F4_08_1617_1,3407_F4-S-1_1plus2_clip,25,3407_FRAM-bactV4V5_F4-S-1_1plus2_S73_L001_R1_001.fastq.gz,BLWBG-BLVR5,F4-S-1,F4,2016-08-01,2016-08-01,NA,NA,2016-17,Aug,16-Aug,6.96,FWD:GTGYCAGCMGCCGCGGTAA REV:CCGYCAATTYMTTTRAGTTT,515F-926R,3407_FRAM_bactV4V5_F4-S-1_1plus2_S73_L001_R1_001.fastq.gz,3407_FRAM_bactV4V5_F4-S-1_1plus2_S73_L001_R2_001.fastq.gz,PS99_67-1,PS107_44-1,6.5,3407_FRAM-bactV4V5_F4-S-1_1plus2_S73_L001_R2_001.fastq.gz,2016-08-01,8_2016_F4_1,WSC,20.374,669,4.781928234,0.735027199,NA
08_2016_F4_2,16S,79.01,24,35.82,6.9,35.08,27.5,292.63,96.84,0.74,333.28,8.12,0.93,0.07,1.42,0.33,0.01,1.76,0,84.21,0,82.21,0,RAS_F4_08_1617_2,3408_F4-S-1_3plus4_clip,25,3408_FRAM-bactV4V5_F4-S-1_3plus4_S74_L001_R1_001.fastq.gz,BLWBG-BLVR5,F4-S-1,F4,2016-08-15,2016-08-15,NA,NA,2016-17,Aug,16-Aug,6.96,FWD:GTGYCAGCMGCCGCGGTAA REV:CCGYCAATTYMTTTRAGTTT,515F-926R,3408_FRAM_bactV4V5_F4-S-1_3plus4_S74_L001_R1_001.fastq.gz,3408_FRAM_bactV4V5_F4-S-1_3plus4_S74_L001_R2_001.fastq.gz,PS99_67-1,PS107_44-1,1.44,3408_FRAM-bactV4V5_F4-S-1_3plus4_S74_L001_R2_001.fastq.gz,2016-08-15,8_2016_F4_2,WSC,14.078,702,4.789768176,0.730823443,NA
09_2016_F4_1,16S,79.01,18.63,28.6,7.22,34.9,27.31,295.51,98.37,NA,342.92,8.17,0.71,0.29,NA,NA,NA,NA,0,86.11,0,80.84,0,RAS_F4_09_1617_1,3409_F4-S-1_5plus6_clip,25,3409_FRAM-bactV4V5_F4-S-1_5plus6_S75_L001_R1_001.fastq.gz,BLWBG-BLVR5,F4-S-1,F4,2016-09-01,2016-09-01,NA,NA,2016-17,Sep,16-Sep,6.96,FWD:GTGYCAGCMGCCGCGGTAA REV:CCGYCAATTYMTTTRAGTTT,515F-926R,3409_FRAM_bactV4V5_F4-S-1_5plus6_S75_L001_R1_001.fastq.gz,3409_FRAM_bactV4V5_F4-S-1_5plus6_S75_L001_R2_001.fastq.gz,PS99_67-1,PS107_44-1,0.62,3409_FRAM-bactV4V5_F4-S-1_5plus6_S75_L001_R2_001.fastq.gz,2016-09-01,9_2016_F4_1,WSC,13.114,738,4.775255242,0.723091439,5.894582
09_2016_F4_2,16S,79.01,14.21,28.61,6.72,34.92,27.39,298.45,98.25,NA,323.7,8.15,0.74,0.26,2.21,0.31,0.02,1.12,0,44.79,0,69.16,0,RAS_F4_09_1617_2,3410_F4-S-1_7plus8_clip,25,3410_FRAM-bactV4V5_F4-S-1_7plus8_S76_L001_R1_001.fastq.gz,BLWBG-BLVR5,F4-S-1,F4,2016-09-15,2016-09-15,NA,NA,2016-17,Sep,16-Sep,6.96,FWD:GTGYCAGCMGCCGCGGTAA REV:CCGYCAATTYMTTTRAGTTT,515F-926R,3410_FRAM_bactV4V5_F4-S-1_7plus8_S76_L001_R1_001.fastq.gz,3410_FRAM_bactV4V5_F4-S-1_7plus8_S76_L001_R2_001.fastq.gz,PS99_67-1,PS107_44-1,1.07,3410_FRAM-bactV4V5_F4-S-1_7plus8_S76_L001_R2_001.fastq.gz,2016-09-15,9_2016_F4_2,WSC,8.596,723,4.584763164,0.696411693,NA
10_2016_F4,16S,79.01,9.87,37.24,6.59,35.08,27.54,294.84,96.87,NA,347.42,8.12,0.93,0.07,NA,NA,NA,NA,0,78.07,0.08,60.27,55.03,RAS_F4_10_1617,3411_F4-S-1_9plus10_clip,25,3411_FRAM-bactV4V5_F4-S-1_9plus10_S77_L001_R1_001.fastq.gz,BLWBG-BLVR5,F4-S-1,F4,2016-10-01,2016-10-01,NA,NA,2016-17,Oct,16-Oct,6.96,FWD:GTGYCAGCMGCCGCGGTAA REV:CCGYCAATTYMTTTRAGTTT,515F-926R,3411_FRAM_bactV4V5_F4-S-1_9plus10_S77_L001_R1_001.fastq.gz,3411_FRAM_bactV4V5_F4-S-1_9plus10_S77_L001_R2_001.fastq.gz,PS99_67-1,PS107_44-1,0.41,3411_FRAM-bactV4V5_F4-S-1_9plus10_S77_L001_R2_001.fastq.gz,2016-10-01,10_2016_F4,WSC,1.24,803,4.663524136,0.697260288,3.311355
11_2016_F4,16S,79.01,0,52.98,6.54,35.04,27.52,295.05,96.8,NA,359.23,8.1,0.89,0.11,8.34,0.57,0.03,2.46,0,80.99,0,75.68,84.13,RAS_F4_11_1617,3412_F4-S-1_11plus12_clip,25,3412_FRAM-bactV4V5_F4-S-1_11plus12_S78_L001_R1_001.fastq.gz,BLWBG-BLVR5,F4-S-1,F4,2016-11-01,2016-11-01,NA,NA,2016-17,Nov,16-Nov,6.96,FWD:GTGYCAGCMGCCGCGGTAA REV:CCGYCAATTYMTTTRAGTTT,515F-926R,3412_FRAM_bactV4V5_F4-S-1_11plus12_S78_L001_R1_001.fastq.gz,3412_FRAM_bactV4V5_F4-S-1_11plus12_S78_L001_R2_001.fastq.gz,PS99_67-1,PS107_44-1,0.36,3412_FRAM-bactV4V5_F4-S-1_11plus12_S78_L001_R2_001.fastq.gz,2016-11-01,11_2016_F4,WSC,0,966,5.123501056,0.745435607,1.7838382
12_2016_F4,16S,79.01,0,36.52,5.12,35.11,27.75,303.46,96.39,NA,368.85,8.09,0.99,0.01,11.04,0.71,0,3.75,0,80.99,0,73.74,76.15,RAS_F4_12_1617,3413_F4-S-1_13plus14_clip,25,3413_FRAM_bactV4V5_F4-S-1_13plus14_S79_L001_R1_001.fastq.gz,BLWBG-BLVR5,F4-S-1,F4,2016-12-01,2016-12-01,NA,NA,2016-17,Dec,16-Dec,6.96,FWD:GTGYCAGCMGCCGCGGTAA REV:CCGYCAATTYMTTTRAGTTT,515F-926R,3413_FRAM_bactV4V5_F4-S-1_13plus14_S79_L001_R1_001.fastq.gz,3413_FRAM_bactV4V5_F4-S-1_13plus14_S79_L001_R2_001.fastq.gz,PS99_67-1,PS107_44-1,0.23,3413_FRAM_bactV4V5_F4-S-1_13plus14_S79_L001_R2_001.fastq.gz,2016-12-01,12_2016_F4,WSC,0,1116,5.292626381,0.754203313,1.4104448
01_2017_F4,16S,79.01,0,66.64,4.9,35.11,27.77,302.35,95.52,NA,371,8.09,0.99,0.01,12.11,0.76,0,4.26,0,84.21,0,78.42,104.01,RAS_F4_01_1617,3414_F4-S-1_15plus16_clip,25,3414_FRAM-bactV4V5_F4-S-1_15plus16_S80_L001_R1_001.fastq.gz,BLWBG-BLVR5,F4-S-1,F4,2017-01-01,2017-01-01,NA,NA,2016-17,Jan,17-Jan,6.96,FWD:GTGYCAGCMGCCGCGGTAA REV:CCGYCAATTYMTTTRAGTTT,515F-926R,3414_FRAM_bactV4V5_F4-S-1_15plus16_S80_L001_R1_001.fastq.gz,3414_FRAM_bactV4V5_F4-S-1_15plus16_S80_L001_R2_001.fastq.gz,PS99_67-1,PS107_44-1,0.06,3414_FRAM-bactV4V5_F4-S-1_15plus16_S80_L001_R2_001.fastq.gz,2017-01-01,1_2017_F4,WSC,0,1066,5.409376878,0.775908493,NA
02_2017_F4_1,16S,79.01,0,61.59,4.67,35.09,27.78,303.88,95.48,NA,369.5,8.09,0.97,0.03,11.73,0.74,0,4.2,0,75.42,0.06,75.23,290.1,RAS_F4_02_1617_1,3415_F4-S-1_17plus18_clip,25,3415_FRAM-bactV4V5_F4-S-1_17plus18_S81_L001_R1_001.fastq.gz,BLWBG-BLVR5,F4-S-1,F4,2017-02-01,2017-02-01,NA,NA,2016-17,Feb,17-Feb,6.96,FWD:GTGYCAGCMGCCGCGGTAA REV:CCGYCAATTYMTTTRAGTTT,515F-926R,3415_FRAM_bactV4V5_F4-S-1_17plus18_S81_L001_R1_001.fastq.gz,3415_FRAM_bactV4V5_F4-S-1_17plus18_S81_L001_R2_001.fastq.gz,PS99_67-1,PS107_44-1,0.02,3415_FRAM-bactV4V5_F4-S-1_17plus18_S81_L001_R2_001.fastq.gz,2017-02-01,2_2017_F4_1,WSC,0,1039,5.6040371,0.806798994,NA
02_2017_F4_2,16S,79.01,0,29.08,4.55,35.1,27.8,307.14,96.24,NA,370.28,8.09,0.99,0.01,12.39,0.78,-0.01,4.4,0,71.5,0,72.08,250.04,RAS_F4_02_1617_2,3416_F4-S-1_19plus20_clip,25,3416_FRAM-bactV4V5_F4-S-1_19plus20_S82_L001_R1_001.fastq.gz,BLWBG-BLVR5,F4-S-1,F4,2017-02-14,2017-02-14,NA,NA,2016-17,Feb,17-Feb,6.96,FWD:GTGYCAGCMGCCGCGGTAA REV:CCGYCAATTYMTTTRAGTTT,515F-926R,3416_FRAM_bactV4V5_F4-S-1_19plus20_S82_L001_R1_001.fastq.gz,3416_FRAM_bactV4V5_F4-S-1_19plus20_S82_L001_R2_001.fastq.gz,PS99_67-1,PS107_44-1,0.04,3416_FRAM-bactV4V5_F4-S-1_19plus20_S82_L001_R2_001.fastq.gz,2017-02-14,2_2017_F4_2,WSC,0,1277,5.694326839,0.79615671,NA
03_2017_F4_2,16S,79.01,7.99,29.1,4.46,35.1,27.81,307.22,96.06,NA,371.1,8.1,0.99,0.01,12.21,0.76,0,4.36,0,80.99,0,73.99,251.05,RAS_F4_03_1617_2,3418_F4-S-1_23plus24_clip,25,3418_FRAM-bactV4V5_F4-S-1_23plus24_S84_L001_R1_001.fastq.gz,BLWBG-BLVR5,F4-S-1,F4,2017-03-08,2017-03-08,NA,NA,2016-17,Mar,17-Mar,6.96,FWD:GTGYCAGCMGCCGCGGTAA REV:CCGYCAATTYMTTTRAGTTT,515F-926R,3418_FRAM_bactV4V5_F4-S-1_23plus24_S84_L001_R1_001.fastq.gz,3418_FRAM_bactV4V5_F4-S-1_23plus24_S84_L001_R2_001.fastq.gz,PS99_67-1,PS107_44-1,0.2,3418_FRAM-bactV4V5_F4-S-1_23plus24_S84_L001_R2_001.fastq.gz,2017-03-08,3_2017_F4_2,WSC,1.3,1460,5.894409083,0.808983529,2.2895699
03_2017_F4_3,16S,79.01,10.04,52.71,3.91,35.08,27.86,310.71,95.87,NA,367.7,8.1,0.98,0.02,12.31,0.78,0,4.42,0,75.42,0,77.47,282.86,RAS_F4_03_1617_3,3419_F4-S-1_25plus26_clip,25,3419_FRAM-bactV4V5_F4-S-1_25plus26_S85_L001_R1_001.fastq.gz,BLWBG-BLVR5,F4-S-1,F4,2017-03-15,2017-03-15,NA,NA,2016-17,Mar,17-Mar,6.96,FWD:GTGYCAGCMGCCGCGGTAA REV:CCGYCAATTYMTTTRAGTTT,515F-926R,3419_FRAM_bactV4V5_F4-S-1_25plus26_S85_L001_R1_001.fastq.gz,3419_FRAM_bactV4V5_F4-S-1_25plus26_S85_L001_R2_001.fastq.gz,PS99_67-1,PS107_44-1,0.11,3419_FRAM-bactV4V5_F4-S-1_25plus26_S85_L001_R2_001.fastq.gz,2017-03-15,3_2017_F4_3,WSC,3.042,1393,5.807628854,0.802245668,NA
03_2017_F4_4,16S,79.01,11.97,42.97,3.49,35.05,27.88,312.91,95.55,NA,364.45,8.11,0.97,0.03,12.29,0.76,-0.01,4.49,0,68.74,0,72.68,265.8,RAS_F4_03_1617_4,3420_F4-S-1_27plus28_clip,25,3420_FRAM-bactV4V5_F4-S-1_27plus28_S86_L001_R1_001.fastq.gz,BLWBG-BLVR5,F4-S-1,F4,2017-03-22,2017-03-22,NA,NA,2016-17,Mar,17-Mar,6.96,FWD:GTGYCAGCMGCCGCGGTAA REV:CCGYCAATTYMTTTRAGTTT,515F-926R,3420_FRAM_bactV4V5_F4-S-1_27plus28_S86_L001_R1_001.fastq.gz,3420_FRAM_bactV4V5_F4-S-1_27plus28_S86_L001_R2_001.fastq.gz,PS99_67-1,PS107_44-1,0.04,3420_FRAM-bactV4V5_F4-S-1_27plus28_S86_L001_R2_001.fastq.gz,2017-03-22,3_2017_F4_4,WSC,7.344,1115,5.63773376,0.803484021,NA
04_2017_F4_1,16S,79.01,14.73,28.95,2.98,35.03,27.91,315.77,95.21,NA,364.12,8.11,0.96,0.04,12.37,0.77,0,4.51,0,63.41,0,64.61,256.97,RAS_F4_04_1617_1,3421_F4-S-1_29plus30_clip,25,3421_FRAM-bactV4V5_F4-S-1_29plus30_S87_L001_R1_001.fastq.gz,BLWBG-BLVR5,F4-S-1,F4,2017-04-01,2017-04-01,NA,NA,2016-17,Apr,17-Apr,6.96,FWD:GTGYCAGCMGCCGCGGTAA REV:CCGYCAATTYMTTTRAGTTT,515F-926R,3421_FRAM_bactV4V5_F4-S-1_29plus30_S87_L001_R1_001.fastq.gz,3421_FRAM_bactV4V5_F4-S-1_29plus30_S87_L001_R2_001.fastq.gz,PS99_67-1,PS107_44-1,0.01,3421_FRAM-bactV4V5_F4-S-1_29plus30_S87_L001_R2_001.fastq.gz,2017-04-01,4_2017_F4_1,WSC,7.466,1372,5.827668003,0.806706532,NA
04_2017_F4_2,16S,79.01,19.5,38.51,3.88,35.08,27.86,313.27,96.58,NA,368.08,8.1,0.98,0.02,12.47,0.78,0,4.56,0,75.15,0,66.46,283.76,RAS_F4_04_1617_2,3422_F4-S-1_31plus32_clip,25,3422_FRAM-bactV4V5_F4-S-1_31plus32_S88_L001_R1_001.fastq.gz,BLWBG-BLVR5,F4-S-1,F4,2017-04-15,2017-04-15,NA,NA,2016-17,Apr,17-Apr,6.96,FWD:GTGYCAGCMGCCGCGGTAA REV:CCGYCAATTYMTTTRAGTTT,515F-926R,3422_FRAM_bactV4V5_F4-S-1_31plus32_S88_L001_R1_001.fastq.gz,3422_FRAM_bactV4V5_F4-S-1_31plus32_S88_L001_R2_001.fastq.gz,PS99_67-1,PS107_44-1,0.08,3422_FRAM-bactV4V5_F4-S-1_31plus32_S88_L001_R2_001.fastq.gz,2017-04-15,4_2017_F4_2,WSC,12.992,1412,5.735768932,0.790839214,NA
05_2017_F4_1,16S,79.01,24,28.67,4.07,35.07,27.84,317.76,98.41,NA,362.5,8.11,0.97,0.03,11.72,0.74,0.01,4.39,0,42.91,0,70.92,250.43,RAS_F4_05_1617_1,3423_F4-S-1_33plus34_clip,25,3423_FRAM-bactV4V5_F4-S-1_33plus34_S89_L001_R1_001.fastq.gz,BLWBG-BLVR5,F4-S-1,F4,2017-05-01,2017-05-01,NA,NA,2016-17,May,17-May,6.96,FWD:GTGYCAGCMGCCGCGGTAA REV:CCGYCAATTYMTTTRAGTTT,515F-926R,3423_FRAM_bactV4V5_F4-S-1_33plus34_S89_L001_R1_001.fastq.gz,3423_FRAM_bactV4V5_F4-S-1_33plus34_S89_L001_R2_001.fastq.gz,PS99_67-1,PS107_44-1,0.55,3423_FRAM-bactV4V5_F4-S-1_33plus34_S89_L001_R2_001.fastq.gz,2017-05-01,5_2017_F4_1,WSC,23.446,1191,5.188468008,0.732570763,1.1121628
05_2017_F4_2,16S,79.01,24,30.5,3.76,35.08,27.87,321.24,98.75,NA,364.08,8.11,0.98,0.02,11.75,0.74,0.01,4.61,0,52.5,0,59.38,251.85,RAS_F4_05_1617_2,3424_F4-S-1_35plus36_clip,25,3424_FRAM-bactV4V5_F4-S-1_35plus36_S90_L001_R1_001.fastq.gz,BLWBG-BLVR5,F4-S-1,F4,2017-05-15,2017-05-15,NA,NA,2016-17,May,17-May,6.96,FWD:GTGYCAGCMGCCGCGGTAA REV:CCGYCAATTYMTTTRAGTTT,515F-926R,3424_FRAM_bactV4V5_F4-S-1_35plus36_S90_L001_R1_001.fastq.gz,3424_FRAM_bactV4V5_F4-S-1_35plus36_S90_L001_R2_001.fastq.gz,PS99_67-1,PS107_44-1,0.66,3424_FRAM-bactV4V5_F4-S-1_35plus36_S90_L001_R2_001.fastq.gz,2017-05-15,5_2017_F4_2,WSC,28.264,1011,4.841745413,0.699806143,NA
06_2017_F4_1,16S,79.01,24,28.47,4.21,35.08,27.83,320.78,99.69,NA,380.78,8.11,0.98,0.02,11.47,0.71,0.02,4.29,0,71.5,0,43.43,249.75,RAS_F4_06_1617_1,3425_F4-S-1_37plus38_clip,25,3425_FRAM-bactV4V5_F4-S-1_37plus38_S91_L001_R1_001.fastq.gz,BLWBG-BLVR5,F4-S-1,F4,2017-06-01,2017-06-01,NA,NA,2016-17,Jun,17-Jun,6.96,FWD:GTGYCAGCMGCCGCGGTAA REV:CCGYCAATTYMTTTRAGTTT,515F-926R,3425_FRAM_bactV4V5_F4-S-1_37plus38_S91_L001_R1_001.fastq.gz,3425_FRAM_bactV4V5_F4-S-1_37plus38_S91_L001_R2_001.fastq.gz,PS99_67-1,PS107_44-1,0.9,3425_FRAM-bactV4V5_F4-S-1_37plus38_S91_L001_R2_001.fastq.gz,2017-06-01,6_2017_F4_1,WSC,60.176,919,4.801574074,0.703704049,1.1246324
06_2017_F4_2,16S,79.01,24,41.97,4.97,35.09,27.75,313.5,99.21,NA,374.95,NA,1,0,9.8,0.71,0.04,3.85,0,37.45,0,47.05,72.9,RAS_F4_06_1617_2,3426_F4-S-1_40_clip,25,3426_FRAM-bactV4V5_F4-S-1_40_S92_L001_R1_001.fastq.gz,BLWBG-BLVR5,F4-S-1,F4,2017-06-15,2017-06-15,NA,NA,2016-17,Jun,17-Jun,6.96,FWD:GTGYCAGCMGCCGCGGTAA REV:CCGYCAATTYMTTTRAGTTT,515F-926R,3426_FRAM_bactV4V5_F4-S-1_40_S92_L001_R1_001.fastq.gz,3426_FRAM_bactV4V5_F4-S-1_40_S92_L001_R2_001.fastq.gz,PS99_67-1,PS107_44-1,0.55,3426_FRAM-bactV4V5_F4-S-1_40_S92_L001_R2_001.fastq.gz,2017-06-15,6_2017_F4_2,WSC,39.834,897,4.793349326,0.705002198,NA
07_2017_F4_1,16S,79.01,24,33.84,5.79,35.07,27.63,328.06,105.83,NA,344.85,NA,1,0,5.79,0.49,0.02,3.67,0,73.36,0,41.85,0,RAS_F4_07_1617_1,3427_F4-S-1_41plus42_clip,25,3427_FRAM-bactV4V5_F4-S-1_41plus42_S93_L001_R1_001.fastq.gz,BLWBG-BLVR5,F4-S-1,F4,2017-07-01,2017-07-01,NA,NA,2016-17,Jul,17-Jul,6.96,FWD:GTGYCAGCMGCCGCGGTAA REV:CCGYCAATTYMTTTRAGTTT,515F-926R,3427_FRAM_bactV4V5_F4-S-1_41plus42_S93_L001_R1_001.fastq.gz,3427_FRAM_bactV4V5_F4-S-1_41plus42_S93_L001_R2_001.fastq.gz,PS99_67-1,PS107_44-1,3.23,3427_FRAM-bactV4V5_F4-S-1_41plus42_S93_L001_R2_001.fastq.gz,2017-07-01,7_2017_F4_1,WSC,53.762,706,4.47746724,0.682580773,2.6740696
07_2017_F4_2,16S,79.01,24,28.85,6.24,35.06,27.57,335.45,109.34,NA,376.7,NA,1,0,5.25,0.48,0.01,2.08,0,33.27,0,54.24,0,RAS_F4_07_1617_2,3428_F4-S-1_43plus44_clip,25,3428_FRAM-bactV4V5_F4-S-1_43plus44_S94_L001_R1_001.fastq.gz,BLWBG-BLVR5,F4-S-1,F4,2017-07-08,2017-07-08,NA,NA,2016-17,Jul,17-Jul,6.96,FWD:GTGYCAGCMGCCGCGGTAA REV:CCGYCAATTYMTTTRAGTTT,515F-926R,3428_FRAM_bactV4V5_F4-S-1_43plus44_S94_L001_R1_001.fastq.gz,3428_FRAM_bactV4V5_F4-S-1_43plus44_S94_L001_R2_001.fastq.gz,PS99_67-1,PS107_44-1,6.3,3428_FRAM-bactV4V5_F4-S-1_43plus44_S94_L001_R2_001.fastq.gz,2017-07-08,7_2017_F4_2,WSC,30.532,561,4.256869689,0.672520914,2.7590787
07_2017_F4_3,16S,79.01,24,29.77,5.98,35.07,27.61,317.35,102.82,NA,421.05,NA,1,0,-0.12,0.21,0,3.02,0,33.61,0.06,30.51,0,RAS_F4_07_1617_3,3429_F4-S-1_45plus46_clip,25,3429_FRAM-bactV4V5_F4-S-1_45plus46_S95_L001_R1_001.fastq.gz,BLWBG-BLVR5,F4-S-1,F4,2017-07-15,2017-07-15,NA,NA,2016-17,Jul,17-Jul,6.96,FWD:GTGYCAGCMGCCGCGGTAA REV:CCGYCAATTYMTTTRAGTTT,515F-926R,3429_FRAM_bactV4V5_F4-S-1_45plus46_S95_L001_R1_001.fastq.gz,3429_FRAM_bactV4V5_F4-S-1_45plus46_S95_L001_R2_001.fastq.gz,PS99_67-1,PS107_44-1,7.7,3429_FRAM-bactV4V5_F4-S-1_45plus46_S95_L001_R2_001.fastq.gz,2017-07-15,7_2017_F4_3,WSC,24.27,740,4.565504899,0.691046865,3.2857808
08_2017_F4_1,16S,79.01,24,25.1,7.44,35.03,27.38,NA,NA,1.87,245.32,8.18,0.85,0.15,NA,NA,NA,NA,0,79.95,0.06,68.48,0,RAS_F4_08_1718_1,16S_FRAM_3899_clip,25,16S_FRAM_3899_TAGCGCTC-CTAAGCCT_L001_R1_001.fastq.gz,J34R3,F4-S-2,F4,2017-08-16,2017-08-16,NA,NA,2017-18,Aug,17-Aug,6.96,FWD:GTGYCAGCMGCCGCGGTAA REV:CCGYCAATTYMTTTRAGTTT,515F-926R,NA,NA,PS107_49-1,PS114_10-1 ,4.34,16S_FRAM_3899_TAGCGCTC-CTAAGCCT_L001_R2_001.fastq.gz,2017-08-16,8_2017_F4_1,WSC,14.008,573,4.36172062,0.686789342,19.1815878
08_2017_F4_2,16S,79.01,19.94,33.62,7.22,35.06,27.43,294.19,98.04,1.02,318.98,8.1,0.89,0.11,NA,NA,NA,NA,0,77.64,0,77.18,0,RAS_F4_08_1718_2,16S_FRAM_3900_clip,25,16S_FRAM_3900_TAGCGCTC-CGTCTAAT_L001_R1_001.fastq.gz,J34R3,F4-S-2,F4,2017-08-30,2017-08-30,NA,NA,2017-18,Aug,17-Aug,6.96,FWD:GTGYCAGCMGCCGCGGTAA REV:CCGYCAATTYMTTTRAGTTT,515F-926R,NA,NA,PS107_49-1,PS114_10-1 ,3.27,16S_FRAM_3900_TAGCGCTC-CGTCTAAT_L001_R2_001.fastq.gz,2017-08-30,8_2017_F4_2,WSC,17.726,672,4.602281179,0.706927581,10.4991553
09_2017_F4_1,16S,79.01,14.77,30.52,6.31,34.88,27.42,303.18,98.85,1.42,315.35,8.14,0.7,0.3,NA,NA,NA,NA,0,79.95,0,79.55,0,RAS_F4_09_1718_1,16S_FRAM_3901_clip,25,16S_FRAM_3901_TAGCGCTC-TCTCTCCG_L001_R1_001.fastq.gz,J34R3,F4-S-2,F4,2017-09-14,2017-09-14,NA,NA,2017-18,Sep,17-Sep,6.96,FWD:GTGYCAGCMGCCGCGGTAA REV:CCGYCAATTYMTTTRAGTTT,515F-926R,NA,NA,PS107_49-1,PS114_10-1 ,1.78,16S_FRAM_3901_TAGCGCTC-TCTCTCCG_L001_R2_001.fastq.gz,2017-09-14,9_2017_F4_1,WSC,7.95,650,4.240813767,0.654752488,11.2637157
09_2017_F4_2,16S,79.01,10.7,30.24,6.92,35.04,27.47,297.6,98.49,0.67,353.22,8.09,0.88,0.12,NA,NA,NA,NA,0,79.92,NA,73.83,0,RAS_F4_09_1718_2,16S_FRAM_3902_clip,25,16S_FRAM_3902_ACTGAGCG-CTCTCTAT_L001_R1_001.fastq.gz,J34R3,F4-S-2,F4,2017-09-29,2017-09-29,NA,NA,2017-18,Sep,17-Sep,6.96,FWD:GTGYCAGCMGCCGCGGTAA REV:CCGYCAATTYMTTTRAGTTT,515F-926R,NA,NA,PS107_49-1,PS114_10-1 ,0.6,16S_FRAM_3902_ACTGAGCG-CTCTCTAT_L001_R2_001.fastq.gz,2017-09-29,9_2017_F4_2,WSC,2.266,832,4.88758216,0.726904218,NA
10_2017_F4,16S,79.01,0,37.95,6.63,35.01,27.48,293.74,96.55,0.1,362.02,8.08,0.84,0.16,NA,NA,NA,NA,0,76.01,0,77.99,78.22,RAS_F4_10_1718,16S_FRAM_3903_clip,25,16S_FRAM_3903_ACTGAGCG-TATCCTCT_L001_R1_001.fastq.gz,J34R3,F4-S-2,F4,2017-10-29,2017-10-29,NA,NA,2017-18,Oct,17-Oct,6.96,FWD:GTGYCAGCMGCCGCGGTAA REV:CCGYCAATTYMTTTRAGTTT,515F-926R,NA,NA,PS107_49-1,PS114_10-1 ,1.12,16S_FRAM_3903_ACTGAGCG-TATCCTCT_L001_R2_001.fastq.gz,2017-10-29,10_2017_F4,WSC,0,858,4.400378646,0.651463591,1.8351764
11_2017_F4,16S,79.01,0,24.5,5.1,34.96,27.63,301.62,95.67,-0.01,364.9,8.08,0.81,0.19,NA,NA,NA,NA,0,76.01,0,78.67,63.89,RAS_F4_11_1718,16S_FRAM_3904_clip,25,16S_FRAM_3904_ACTGAGCG-GTAAGGAG_L001_R1_001.fastq.gz,J34R3,F4-S-2,F4,2017-11-28,2017-11-28,NA,NA,2017-18,Nov,17-Nov,6.96,FWD:GTGYCAGCMGCCGCGGTAA REV:CCGYCAATTYMTTTRAGTTT,515F-926R,NA,NA,PS107_49-1,PS114_10-1 ,0.95,16S_FRAM_3904_ACTGAGCG-GTAAGGAG_L001_R2_001.fastq.gz,2017-11-28,11_2017_F4,WSC,0,1177,5.339574122,0.755166521,NA
12_2017_F4,16S,79.01,0,26.06,4.26,35.02,27.78,308.61,95.98,-0.02,372.3,8.07,0.9,0.1,NA,NA,NA,NA,0,75.42,0,78.38,259.27,RAS_F4_12_1718,16S_FRAM_3905_clip,25,16S_FRAM_3905_ACTGAGCG-ACTGCATA_L001_R1_001.fastq.gz,J34R3,F4-S-2,F4,2017-12-28,2017-12-28,NA,NA,2017-18,Dec,17-Dec,6.96,FWD:GTGYCAGCMGCCGCGGTAA REV:CCGYCAATTYMTTTRAGTTT,515F-926R,NA,NA,PS107_49-1,PS114_10-1 ,0.19,16S_FRAM_3905_ACTGAGCG-ACTGCATA_L001_R2_001.fastq.gz,2017-12-28,12_2017_F4,WSC,0,1374,5.591342861,0.773836717,NA
01_2018_F4,16S,79.01,0,87.49,3.97,35.07,27.85,310.15,95.81,-0.03,376.08,8.07,0.96,0.04,NA,NA,NA,NA,0,74.7,0,77.15,324.46,RAS_F4_01_1718,16S_FRAM_3906_clip,25,16S_FRAM_3906_ACTGAGCG-AAGGAGTA_L001_R1_001.fastq.gz,J34R3,F4-S-2,F4,2018-01-27,2018-01-27,NA,NA,2017-18,Jan,18-Jan,6.96,FWD:GTGYCAGCMGCCGCGGTAA REV:CCGYCAATTYMTTTRAGTTT,515F-926R,NA,NA,PS107_49-1,PS114_10-1 ,0.31,16S_FRAM_3906_ACTGAGCG-AAGGAGTA_L001_R2_001.fastq.gz,2018-01-27,1_2018_F4,WSC,0,1467,5.604391834,0.768675246,1.5162047
02_2018_F4_1,16S,79.01,0,98.45,3.82,35.07,27.86,311.2,95.79,-0.04,375.6,8.07,0.97,0.03,NA,NA,NA,NA,0,75.42,0,75.25,290.86,RAS_F4_02_1718_1,16S_FRAM_3907_clip,25,16S_FRAM_3907_ACTGAGCG-CTAAGCCT_L001_R1_001.fastq.gz,J34R3,F4-S-2,F4,2018-02-11,2018-02-11,NA,NA,2017-18,Feb,18-Feb,6.96,FWD:GTGYCAGCMGCCGCGGTAA REV:CCGYCAATTYMTTTRAGTTT,515F-926R,NA,NA,PS107_49-1,PS114_10-1 ,0.4,16S_FRAM_3907_ACTGAGCG-CTAAGCCT_L001_R2_001.fastq.gz,2018-02-11,2_2018_F4_1,WSC,0,1480,5.591157756,0.765933282,NA
02_2018_F4_2,16S,79.01,4.24,25.76,3.17,35.06,27.91,322.73,97.79,-0.03,377.15,8.07,0.97,0.03,NA,NA,NA,NA,0,79.95,0,76.17,251.54,RAS_F4_02_1718_2,16S_FRAM_3908_clip,25,16S_FRAM_3908_ACTGAGCG-CGTCTAAT_L001_R1_001.fastq.gz,J34R3,F4-S-2,F4,2018-02-26,2018-02-26,NA,NA,2017-18,Feb,18-Feb,6.96,FWD:GTGYCAGCMGCCGCGGTAA REV:CCGYCAATTYMTTTRAGTTT,515F-926R,NA,NA,PS107_49-1,PS114_10-1 ,0.2,16S_FRAM_3908_ACTGAGCG-CGTCTAAT_L001_R2_001.fastq.gz,2018-02-26,2_2018_F4_2,WSC,0,1351,5.661877887,0.785433735,1.4356628
03_2018_F4_1,16S,79.01,7.67,109.58,4.46,35.08,27.8,309.53,96.76,-0.04,382.02,8.06,0.96,0.04,NA,NA,NA,NA,0,75.42,0,75.99,157.23,RAS_F4_03_1718_1,16S_FRAM_3909_clip,25,16S_FRAM_3909_ACTGAGCG-TCTCTCCG_L001_R1_001.fastq.gz,J34R3,F4-S-2,F4,2018-03-07,2018-03-07,NA,NA,2017-18,Mar,18-Mar,6.96,FWD:GTGYCAGCMGCCGCGGTAA REV:CCGYCAATTYMTTTRAGTTT,515F-926R,NA,NA,PS107_49-1,PS114_10-1 ,0.31,16S_FRAM_3909_ACTGAGCG-TCTCTCCG_L001_R2_001.fastq.gz,2018-03-07,3_2018_F4_1,WSC,1.418,1536,5.824803416,0.793901254,NA
03_2018_F4_2,16S,79.01,10.32,30.2,4,35.07,27.84,313.01,96.79,-0.04,379.77,8.07,0.96,0.04,NA,NA,NA,NA,0,74.7,0,72.22,257.33,RAS_F4_03_1718_2,FRAM_3910_clip,25,FRAM_3910_PS114_RAS_DNA_60_bactV4V5_S42_L001_R1_001.fastq.gz,JB7R9,F4-S-2,F4,2018-03-16,2018-03-16,NA,NA,2017-18,Mar,18-Mar,6.96,FWD:GTGYCAGCMGCCGCGGTAA REV:CCGYCAATTYMTTTRAGTTT,515F-926R,NA,NA,PS107_49-1,PS114_10-1 ,0.05,FRAM_3910_PS114_RAS_DNA_60_bactV4V5_S42_L001_R2_001.fastq.gz,2018-03-16,3_2018_F4_2,WSC,3.876,1370,5.951667483,0.82403781,NA
03_2018_F4_3,16S,79.01,12.79,27.43,4.13,35.07,27.83,312.53,96.95,-0.05,378.82,8.07,0.96,0.04,NA,NA,NA,NA,0,75.42,0,75.92,261.45,RAS_F4_03_1718_3,16S_FRAM_3911_clip,25,16S_FRAM_3911_CCTAAGAC-CTCTCTAT_L001_R1_001.fastq.gz,J34R3,F4-S-2,F4,2018-03-25,2018-03-25,NA,NA,2017-18,Mar,18-Mar,6.96,FWD:GTGYCAGCMGCCGCGGTAA REV:CCGYCAATTYMTTTRAGTTT,515F-926R,NA,NA,PS107_49-1,PS114_10-1 ,0.37,16S_FRAM_3911_CCTAAGAC-CTCTCTAT_L001_R2_001.fastq.gz,2018-03-25,3_2018_F4_3,WSC,4.006,1545,5.945007296,0.809639939,NA
04_2018_F4_1,16S,79.01,15.31,53.09,3.14,35.02,27.89,318.36,96.37,-0.03,374.2,8.07,0.93,0.07,NA,NA,NA,NA,0,75.42,0,76.62,351.04,RAS_F4_04_1718_1,16S_FRAM_3912_clip,25,16S_FRAM_3912_CCTAAGAC-TATCCTCT_L001_R1_001.fastq.gz,J34R3,F4-S-2,F4,2018-04-03,2018-04-03,NA,NA,2017-18,Apr,18-Apr,6.96,FWD:GTGYCAGCMGCCGCGGTAA REV:CCGYCAATTYMTTTRAGTTT,515F-926R,NA,NA,PS107_49-1,PS114_10-1 ,0.24,16S_FRAM_3912_CCTAAGAC-TATCCTCT_L001_R2_001.fastq.gz,2018-04-03,4_2018_F4_1,WSC,14.226,1567,5.67401422,0.77124878,NA
04_2018_F4_2,16S,79.01,18.26,25.74,3.46,35.06,27.89,317.03,96.75,-0.01,376.22,8.07,0.97,0.03,NA,NA,NA,NA,0,75.42,0,76.43,250.28,RAS_F4_04_1718_2,16S_FRAM_3913_clip,25,16S_FRAM_3913_CCTAAGAC-GTAAGGAG_L001_R1_001.fastq.gz,J34R3,F4-S-2,F4,2018-04-12,2018-04-12,NA,NA,2017-18,Apr,18-Apr,6.96,FWD:GTGYCAGCMGCCGCGGTAA REV:CCGYCAATTYMTTTRAGTTT,515F-926R,NA,NA,PS107_49-1,PS114_10-1 ,0.44,16S_FRAM_3913_CCTAAGAC-GTAAGGAG_L001_R2_001.fastq.gz,2018-04-12,4_2018_F4_2,WSC,7.1,1629,6.047069452,0.817644278,NA
04_2018_F4_3,16S,79.01,24,34.97,3.06,35.05,27.92,320.64,96.88,0.07,374.52,8.07,0.96,0.04,NA,NA,NA,NA,0,76.01,0,76.12,254.78,RAS_F4_04_1718_3,16S_FRAM_3914_clip,25,16S_FRAM_3914_CCTAAGAC-ACTGCATA_L001_R1_001.fastq.gz,J34R3,F4-S-2,F4,2018-04-21,2018-04-21,NA,NA,2017-18,Apr,18-Apr,6.96,FWD:GTGYCAGCMGCCGCGGTAA REV:CCGYCAATTYMTTTRAGTTT,515F-926R,NA,NA,PS107_49-1,PS114_10-1 ,0.36,16S_FRAM_3914_CCTAAGAC-ACTGCATA_L001_R2_001.fastq.gz,2018-04-21,4_2018_F4_3,WSC,11.416,1502,5.632847217,0.770087707,NA
04_2018_F4_4,16S,79.01,24,26.37,3.27,35.05,27.9,325.31,98.82,0.84,365.1,8.09,0.96,0.04,NA,NA,NA,NA,0,76.01,0,78.57,250.24,RAS_F4_04_1718_4,16S_FRAM_3915_clip,25,16S_FRAM_3915_CCTAAGAC-AAGGAGTA_L001_R1_001.fastq.gz,J34R3,F4-S-2,F4,2018-04-30,2018-04-30,NA,NA,2017-18,Apr,18-Apr,6.96,FWD:GTGYCAGCMGCCGCGGTAA REV:CCGYCAATTYMTTTRAGTTT,515F-926R,NA,NA,PS107_49-1,PS114_10-1 ,1.63,16S_FRAM_3915_CCTAAGAC-AAGGAGTA_L001_R2_001.fastq.gz,2018-04-30,4_2018_F4_4,WSC,23.834,922,2.727095031,0.399483918,1.8957879
05_2018_F4_1,16S,79.01,24,25.39,4.11,35.07,27.83,340.4,105.51,4.28,356.62,8.12,0.95,0.05,NA,NA,NA,NA,0,75.42,0,77.44,67.5,RAS_F4_05_1718_1,16S_FRAM_3916_clip,25,16S_FRAM_3916_CCTAAGAC-CTAAGCCT_L001_R1_001.fastq.gz,J34R3,F4-S-2,F4,2018-05-12,2018-05-12,NA,NA,2017-18,May,18-May,6.96,FWD:GTGYCAGCMGCCGCGGTAA REV:CCGYCAATTYMTTTRAGTTT,515F-926R,NA,NA,PS107_49-1,PS114_10-1 ,2.2,16S_FRAM_3916_CCTAAGAC-CTAAGCCT_L001_R2_001.fastq.gz,2018-05-12,5_2018_F4_1,WSC,23.02,825,4.516730375,0.672594566,0.6966835
05_2018_F4_2,16S,79.01,24,29.29,3.5,35.06,27.89,340.42,103.99,5.05,364.1,8.13,0.96,0.04,NA,NA,NA,NA,0,72.42,0,74.57,66.56,RAS_F4_05_1718_2,16S_FRAM_3917_clip,25,16S_FRAM_3917_CCTAAGAC-CGTCTAAT_L001_R1_001.fastq.gz,J34R3,F4-S-2,F4,2018-05-24,2018-05-24,NA,NA,2017-18,May,18-May,6.96,FWD:GTGYCAGCMGCCGCGGTAA REV:CCGYCAATTYMTTTRAGTTT,515F-926R,NA,NA,PS107_49-1,PS114_10-1 ,4.12,16S_FRAM_3917_CCTAAGAC-CGTCTAAT_L001_R2_001.fastq.gz,2018-05-24,5_2018_F4_2,WSC,22.67,673,4.155626156,0.638173937,0.9409788
06_2018_F4_1,16S,79.01,24,24.22,3.95,35.05,27.83,373.55,115.33,12.44,276.02,8.22,0.94,0.06,NA,NA,NA,NA,0,75.42,0,74.72,26.51,RAS_F4_06_1718_1,16S_FRAM_3918_clip,25,16S_FRAM_3918_CCTAAGAC-TCTCTCCG_L001_R1_001.fastq.gz,J34R3,F4-S-2,F4,2018-06-05,2018-06-05,NA,NA,2017-18,Jun,18-Jun,6.96,FWD:GTGYCAGCMGCCGCGGTAA REV:CCGYCAATTYMTTTRAGTTT,515F-926R,NA,NA,PS107_49-1,PS114_10-1 ,2.15,16S_FRAM_3918_CCTAAGAC-TCTCTCCG_L001_R2_001.fastq.gz,2018-06-05,6_2018_F4_1,WSC,51.972,547,3.918275253,0.621509568,NA
06_2018_F4_2,16S,79.01,24,27.16,4.84,35.04,27.72,364.8,115.05,13.22,284.38,NA,0.91,0.09,NA,NA,NA,NA,0,75.42,0,75.15,0,RAS_F4_06_1718_2,16S_FRAM_3919_clip,25,16S_FRAM_3919_CGATCAGT-CTCTCTAT_L001_R1_001.fastq.gz,J34R3,F4-S-2,F4,2018-06-17,2018-06-17,NA,NA,2017-18,Jun,18-Jun,6.96,FWD:GTGYCAGCMGCCGCGGTAA REV:CCGYCAATTYMTTTRAGTTT,515F-926R,NA,NA,PS107_49-1,PS114_10-1 ,1.94,16S_FRAM_3919_CGATCAGT-CTCTCTAT_L001_R2_001.fastq.gz,2018-06-17,6_2018_F4_2,WSC,18.356,570,4.017811711,0.633161354,2.6134843
06_2018_F4_3,16S,79.01,24,25.21,5.46,35.03,27.65,336.69,107.73,6.46,357.5,8.18,0.89,0.11,NA,NA,NA,NA,0,75.42,0,75.42,0,RAS_F4_06_1718_3,16S_FRAM_3920_clip,25,16S_FRAM_3920_CGATCAGT-TATCCTCT_L001_R1_001.fastq.gz,J34R3,F4-S-2,F4,2018-06-29,2018-06-29,NA,NA,2017-18,Jun,18-Jun,6.96,FWD:GTGYCAGCMGCCGCGGTAA REV:CCGYCAATTYMTTTRAGTTT,515F-926R,NA,NA,PS107_49-1,PS114_10-1 ,9,16S_FRAM_3920_CGATCAGT-TATCCTCT_L001_R2_001.fastq.gz,2018-06-29,6_2018_F4_3,WSC,31.756,594,4.144447073,0.648900169,11.1891897
07_2018_F4_1,16S,79.01,24,24.76,5.83,35.03,27.6,346.67,111.91,10.81,342.3,8.24,0.88,0.12,NA,NA,NA,NA,0,75.42,0,75.42,0,RAS_F4_07_1718_1,16S_FRAM_3921_clip,25,16S_FRAM_3921_CGATCAGT-GTAAGGAG_L001_R1_001.fastq.gz,J34R3,F4-S-2,F4,2018-07-08,2018-07-08,NA,NA,2017-18,Jul,18-Jul,6.96,FWD:GTGYCAGCMGCCGCGGTAA REV:CCGYCAATTYMTTTRAGTTT,515F-926R,NA,NA,PS107_49-1,PS114_10-1 ,9.9,16S_FRAM_3921_CGATCAGT-GTAAGGAG_L001_R2_001.fastq.gz,2018-07-08,7_2018_F4_1,WSC,20.812,603,4.375087825,0.683402751,5.8284341
07_2018_F4_2,16S,79.01,24,23.97,5.84,35.06,27.63,329.08,106.26,6.31,491.35,8.17,0.92,0.08,NA,NA,NA,NA,0,75.42,0,75.42,0,RAS_F4_07_1718_2,16S_FRAM_3922_clip,25,16S_FRAM_3922_CGATCAGT-ACTGCATA_L001_R1_001.fastq.gz,J34R3,F4-S-2,F4,2018-07-17,2018-07-17,NA,NA,2017-18,Jul,18-Jul,6.96,FWD:GTGYCAGCMGCCGCGGTAA REV:CCGYCAATTYMTTTRAGTTT,515F-926R,NA,NA,PS107_49-1,PS114_10-1 ,5.2,16S_FRAM_3922_CGATCAGT-ACTGCATA_L001_R2_001.fastq.gz,2018-07-17,7_2018_F4_2,WSC,24.606,662,4.714694418,0.725866306,18.609176
08_2018_F4_1,16S,79,24,24.55,6.42,35.01,27.51,308.86,101.05,4.62,584.45,8.21,0.85,0.15,NA,NA,NA,NA,0,75.42,0,75.42,0,RAS_F4_08_1819_1,16S_FRAM_3970_clip,25,16S_FRAM_3970_GGAGCTAC-CTAAGCCT_L001_R1_001.fastq.gz,J3DYP,F4-S-3,F4,2018-08-01,2018-08-09,NA,NA,2018-19,Aug,18-Aug,7,FWD:GTGYCAGCMGCCGCGGTAA REV:CCGYCAATTYMTTTRAGTTT,515F-926R,NA,NA,PS114_17-3,PS121_3-1,3.71,16S_FRAM_3970_GGAGCTAC-CTAAGCCT_L001_R2_001.fastq.gz,2018-08-05,8_2018_F4_1,WSC,20.796,574,4.436308082,0.698342026,14.0020086
08_2018_F4_2,16S,79,24,23.85,6.41,34.99,27.49,302.94,99.08,3.65,398.04,8.21,0.82,0.18,NA,NA,NA,NA,0,71.38,0,75.22,0,RAS_F4_08_1819_2,16S_FRAM_3971_clip,25,16S_FRAM_3971_GGAGCTAC-CGTCTAAT_L001_R1_001.fastq.gz,J3DYP,F4-S-3,F4,2018-08-17,2018-08-25,NA,NA,2018-19,Aug,18-Aug,7,FWD:GTGYCAGCMGCCGCGGTAA REV:CCGYCAATTYMTTTRAGTTT,515F-926R,NA,NA,PS114_17-3,PS121_3-1,1.2,16S_FRAM_3971_GGAGCTAC-CGTCTAAT_L001_R2_001.fastq.gz,2018-08-21,8_2018_F4_2,WSC,18.276,548,3.985589484,0.632003727,NA
09_2018_F4_1,16S,79,17.27,24.58,7.04,34.95,27.37,290.52,96.36,1.92,394.31,8.16,0.77,0.23,NA,NA,NA,NA,0,75.42,0,74.13,0,RAS_F4_09_1819_1,16S_FRAM_3972_clip,25,16S_FRAM_3972_GGAGCTAC-TCTCTCCG_L001_R1_001.fastq.gz,J3DYP,F4-S-3,F4,2018-09-02,2018-09-10,NA,NA,2018-19,Sep,18-Sep,7,FWD:GTGYCAGCMGCCGCGGTAA REV:CCGYCAATTYMTTTRAGTTT,515F-926R,NA,NA,PS114_17-3,PS121_3-1,1.05,16S_FRAM_3972_GGAGCTAC-TCTCTCCG_L001_R2_001.fastq.gz,2018-09-06,9_2018_F4_1,WSC,8.572,671,4.697216043,0.721675012,9.740631
09_2018_F4_2,16S,79,12.58,25.7,6.71,35,27.46,285.05,93.88,0.75,454.98,8.11,0.83,0.17,NA,NA,NA,NA,0,72.33,0,75.42,26.95,RAS_F4_09_1819_2,16S_FRAM_3973_clip,25,16S_FRAM_3973_GCGTAGTA-CTCTCTAT_L001_R1_001.fastq.gz,J3DYP,F4-S-3,F4,2018-09-18,2018-09-26,NA,NA,2018-19,Sep,18-Sep,7,FWD:GTGYCAGCMGCCGCGGTAA REV:CCGYCAATTYMTTTRAGTTT,515F-926R,NA,NA,PS114_17-3,PS121_3-1,0.16,16S_FRAM_3973_GCGTAGTA-CTCTCTAT_L001_R2_001.fastq.gz,2018-09-22,9_2018_F4_2,WSC,4.646,950,4.966823844,0.724400406,NA
10_2018_F4_1,16S,79,8.08,26.01,4.56,34.69,27.48,297.89,93.07,0.55,440.89,8.12,0.5,0.5,NA,NA,NA,NA,0,71.02,0,73.76,0,RAS_F4_10_1819_1,16S_FRAM_3974_clip,25,16S_FRAM_3974_GCGTAGTA-TATCCTCT_L001_R1_001.fastq.gz,J3DYP,F4-S-3,F4,2018-10-04,2018-10-12,NA,NA,2018-19,Oct,18-Oct,7,FWD:GTGYCAGCMGCCGCGGTAA REV:CCGYCAATTYMTTTRAGTTT,515F-926R,NA,NA,PS114_17-3,PS121_3-1,0.09,16S_FRAM_3974_GCGTAGTA-TATCCTCT_L001_R2_001.fastq.gz,2018-10-08,10_2018_F4_1,WSC,0.7,838,4.866293731,0.72296548,NA
10_2018_F4_2,16S,79,1.76,48.55,5.61,34.96,27.57,288.1,92.45,0.31,476.25,8.1,0.8,0.2,NA,NA,NA,NA,0,75.42,0,74.06,75.63,RAS_F4_10_1819_2,FRAM_3975_clip,35,FRAM_3975_PS121_RAS_DNA_6_bactV4V5_S11_L001_R1_001.fastq.gz,JBBW2,F4-S-3,F4,2018-10-20,2018-10-28,NA,NA,2018-19,Oct,18-Oct,7,FWD:GTGYCAGCMGCCGCGGTAA REV:CCGYCAATTYMTTTRAGTTT,515F-926R,NA,NA,PS114_17-3,PS121_3-1,0.02,FRAM_3975_PS121_RAS_DNA_6_bactV4V5_S11_L001_R2_001.fastq.gz,2018-10-24,10_2018_F4_2,WSC,0,795,5.008066724,0.749896702,NA
11_2018_F4_1,16S,79,0,40.95,5.23,34.96,27.62,291.81,92.84,0.21,485.85,8.09,0.82,0.18,NA,NA,NA,NA,0,75.42,0,74.68,68.53,RAS_F4_11_1819_1,FRAM_3976_clip,35,FRAM_3976_PS121_RAS_DNA_7_bactV4V5_S12_L001_R1_001.fastq.gz,JBBW2,F4-S-3,F4,2018-11-05,2018-11-13,NA,NA,2018-19,Nov,18-Nov,7,FWD:GTGYCAGCMGCCGCGGTAA REV:CCGYCAATTYMTTTRAGTTT,515F-926R,NA,NA,PS114_17-3,PS121_3-1,0.02,FRAM_3976_PS121_RAS_DNA_7_bactV4V5_S12_L001_R2_001.fastq.gz,2018-11-09,11_2018_F4_1,WSC,0,1045,5.37437824,0.773094703,NA
11_2018_F4_2,16S,79,0,29.02,4.81,35,27.7,296.51,93.43,0.17,487.15,8.08,0.87,0.13,NA,NA,NA,NA,0,73.92,0,73.81,56.82,RAS_F4_11_1819_2,FRAM_3977_clip,35,FRAM_3977_PS121_RAS_DNA_8_bactV4V5_S13_L001_R1_001.fastq.gz,JBBW2,F4-S-3,F4,2018-11-21,2018-11-29,NA,NA,2018-19,Nov,18-Nov,7,FWD:GTGYCAGCMGCCGCGGTAA REV:CCGYCAATTYMTTTRAGTTT,515F-926R,NA,NA,PS114_17-3,PS121_3-1,0,FRAM_3977_PS121_RAS_DNA_8_bactV4V5_S13_L001_R2_001.fastq.gz,2018-11-25,11_2018_F4_2,WSC,0,659,5.294055667,0.815634134,NA
12_2018_F4_1,16S,79,0,33.67,4.31,34.97,27.73,298.04,92.76,0.16,494.72,8.08,0.84,0.16,NA,NA,NA,NA,0,75.42,0,75.42,61.08,RAS_F4_12_1819_1,FRAM_3978_clip,35,FRAM_3978_PS121_RAS_DNA_9_bactV4V5_S14_L001_R1_001.fastq.gz,JBBW2,F4-S-3,F4,2018-12-07,2018-12-15,NA,NA,2018-19,Dec,18-Dec,7,FWD:GTGYCAGCMGCCGCGGTAA REV:CCGYCAATTYMTTTRAGTTT,515F-926R,NA,NA,PS114_17-3,PS121_3-1,0.06,FRAM_3978_PS121_RAS_DNA_9_bactV4V5_S14_L001_R2_001.fastq.gz,2018-12-11,12_2018_F4_1,WSC,0,1235,5.2874949,0.742748132,NA
12_2018_F4_2,16S,79,0,33.44,4.3,34.99,27.75,298.3,92.85,0.15,498.48,8.07,0.87,0.13,NA,NA,NA,NA,0,75.42,0,75.42,82.39,RAS_F4_12_1819_2,16S_FRAM_3979_clip,25,16S_FRAM_3979_GCGTAGTA-CGTCTAAT_L001_R1_001.fastq.gz,J3DYP,F4-S-3,F4,2018-12-23,2018-12-31,NA,NA,2018-19,Dec,18-Dec,7,FWD:GTGYCAGCMGCCGCGGTAA REV:CCGYCAATTYMTTTRAGTTT,515F-926R,NA,NA,PS114_17-3,PS121_3-1,0.05,16S_FRAM_3979_GCGTAGTA-CGTCTAAT_L001_R2_001.fastq.gz,2018-12-27,12_2018_F4_2,WSC,0,1270,5.654627171,0.791214135,NA
01_2019_F4_1,16S,79,0,47.44,4.22,34.98,27.75,297.93,92.53,0.15,505.3,8.07,0.86,0.14,NA,NA,NA,NA,0,75.42,0,75.42,279.32,RAS_F4_01_1819_1,FRAM_3980_clip,35,FRAM_3980_PS121_RAS_DNA_11_bactV4V5_S15_L001_R1_001.fastq.gz,JBBW2,F4-S-3,F4,2019-01-08,2019-01-16,NA,NA,2018-19,Jan,19-Jan,7,FWD:GTGYCAGCMGCCGCGGTAA REV:CCGYCAATTYMTTTRAGTTT,515F-926R,NA,NA,PS114_17-3,PS121_3-1,0.01,FRAM_3980_PS121_RAS_DNA_11_bactV4V5_S15_L001_R2_001.fastq.gz,2019-01-12,1_2019_F4_1,WSC,0,756,5.539074023,0.835702994,NA
01_2019_F4_2,16S,79,0,37.17,3.56,35,27.83,302.55,92.5,0.15,503.4,8.07,0.89,0.11,NA,NA,NA,NA,0,75.42,0,75.42,265.44,RAS_F4_01_1819_2,FRAM_3981_clip,35,FRAM_3981_PS121_RAS_DNA_12_bactV4V5_S16_L001_R1_001.fastq.gz,JBBW2,F4-S-3,F4,2019-01-24,2019-02-01,NA,NA,2018-19,Jan,19-Jan,7,FWD:GTGYCAGCMGCCGCGGTAA REV:CCGYCAATTYMTTTRAGTTT,515F-926R,NA,NA,PS114_17-3,PS121_3-1,0,FRAM_3981_PS121_RAS_DNA_12_bactV4V5_S16_L001_R2_001.fastq.gz,2019-01-28,1_2019_F4_2,WSC,0,772,5.479189726,0.824064139,NA
02_2019_F4,16S,79,0,25.3,3.45,34.99,27.84,304.79,92.94,0.15,503.39,8.07,0.89,0.11,NA,NA,NA,NA,0,75.42,0,74.68,252.57,RAS_F4_02_1819,FRAM_3982_clip,35,FRAM_3982_PS121_RAS_DNA_13_bactV4V5_S17_L001_R1_001.fastq.gz,JBBW2,F4-S-3,F4,2019-02-09,2019-02-17,NA,NA,2018-19,Feb,19-Feb,7,FWD:GTGYCAGCMGCCGCGGTAA REV:CCGYCAATTYMTTTRAGTTT,515F-926R,NA,NA,PS114_17-3,PS121_3-1,0.01,FRAM_3982_PS121_RAS_DNA_13_bactV4V5_S17_L001_R2_001.fastq.gz,2019-02-13,2_2019_F4,WSC,0,983,5.733522788,0.832077787,NA
03_2019_F4_1,16S,79,5.38,25.41,3.75,35.01,27.82,301.66,92.67,0.15,507.15,8.07,0.9,0.1,NA,NA,NA,NA,0,75.42,0,75.14,253.31,RAS_F4_03_1819_1,FRAM_3983_clip,35,FRAM_3983_PS121_RAS_DNA_14_bactV4V5_S18_L001_R1_001.fastq.gz,JBBW2,F4-S-3,F4,2019-02-25,2019-03-05,NA,NA,2018-19,Mar,19-Mar,7,FWD:GTGYCAGCMGCCGCGGTAA REV:CCGYCAATTYMTTTRAGTTT,515F-926R,NA,NA,PS114_17-3,PS121_3-1,0.01,FRAM_3983_PS121_RAS_DNA_14_bactV4V5_S18_L001_R2_001.fastq.gz,2019-03-01,3_2019_F4_1,WSC,0,1098,5.728527383,0.818215457,0.4522905
03_2019_F4_2,16S,79,10.59,32.84,3.62,35.01,27.83,301.44,92.32,0.15,512.16,8.07,0.9,0.1,NA,NA,NA,NA,0,75.42,0,75.42,257.47,RAS_F4_03_1819_2,FRAM_3984_clip,35,FRAM_3984_PS121_RAS_DNA_15_bactV4V5_S19_L001_R1_001.fastq.gz,JBBW2,F4-S-3,F4,2019-03-13,2019-03-21,NA,NA,2018-19,Mar,19-Mar,7,FWD:GTGYCAGCMGCCGCGGTAA REV:CCGYCAATTYMTTTRAGTTT,515F-926R,NA,NA,PS114_17-3,PS121_3-1,0,FRAM_3984_PS121_RAS_DNA_15_bactV4V5_S19_L001_R2_001.fastq.gz,2019-03-17,3_2019_F4_2,WSC,3.196,1173,5.76906362,0.816301475,NA
04_2019_F4_1,16S,79,15.05,25.08,3.13,35.01,27.88,305.81,92.54,0.15,508.04,8.07,0.92,0.08,NA,NA,NA,NA,0,73.75,0,74.83,252.75,RAS_F4_04_1819_1,FRAM_3985_clip,35,FRAM_3985_PS121_RAS_DNA_16_bactV4V5_S20_L001_R1_001.fastq.gz,JBBW2,F4-S-3,F4,2019-03-29,2019-04-06,NA,NA,2018-19,Apr,19-Apr,7,FWD:GTGYCAGCMGCCGCGGTAA REV:CCGYCAATTYMTTTRAGTTT,515F-926R,NA,NA,PS114_17-3,PS121_3-1,0.01,FRAM_3985_PS121_RAS_DNA_16_bactV4V5_S20_L001_R2_001.fastq.gz,2019-04-02,4_2019_F4_1,WSC,3.008,1200,5.881931057,0.829600467,NA
04_2019_F4_2,16S,79,21.52,34.21,3.47,35.01,27.85,305.5,93.22,0.31,516.69,8.07,0.9,0.1,NA,NA,NA,NA,0,72.11,0,73.27,262.38,RAS_F4_04_1819_2,FRAM_3986_clip,35,FRAM_3986_PS121_RAS_DNA_17_bactV4V5_S21_L001_R1_001.fastq.gz,JBBW2,F4-S-3,F4,2019-04-14,2019-04-22,NA,NA,2018-19,Apr,19-Apr,7,FWD:GTGYCAGCMGCCGCGGTAA REV:CCGYCAATTYMTTTRAGTTT,515F-926R,NA,NA,PS114_17-3,PS121_3-1,0.02,FRAM_3986_PS121_RAS_DNA_17_bactV4V5_S21_L001_R2_001.fastq.gz,2019-04-18,4_2019_F4_2,WSC,5.096,1175,5.7943345,0.819679629,0.7760203
05_2019_F4_1,16S,79,24,29.18,2.93,34.93,27.83,313.75,94.37,1.72,507.9,8.09,0.82,0.18,NA,NA,NA,NA,0,70.03,0,62.61,161,RAS_F4_05_1819_1,16S_FRAM_3987_clip,25,16S_FRAM_3987_CGGAGCCT-CGTCTAAT_L001_R1_001.fastq.gz,J3DYP,F4-S-3,F4,2019-04-30,2019-05-08,NA,NA,2018-19,May,19-May,7,FWD:GTGYCAGCMGCCGCGGTAA REV:CCGYCAATTYMTTTRAGTTT,515F-926R,NA,NA,PS114_17-3,PS121_3-1,0.14,16S_FRAM_3987_CGGAGCCT-CGTCTAAT_L001_R2_001.fastq.gz,2019-05-04,5_2019_F4_1,WSC,30.462,1441,5.590403407,0.768641858,1.0067309
05_2019_F4_2,16S,79,24,23.97,3.81,35.02,27.82,314.61,96.78,0.97,523.21,8.09,0.92,0.08,NA,NA,NA,NA,0,34.49,0,67.53,72.38,RAS_F4_05_1819_2,16S_FRAM_3988_clip,25,16S_FRAM_3988_CGGAGCCT-TCTCTCCG_L001_R1_001.fastq.gz,J3DYP,F4-S-3,F4,2019-05-16,2019-05-24,NA,NA,2018-19,May,19-May,7,FWD:GTGYCAGCMGCCGCGGTAA REV:CCGYCAATTYMTTTRAGTTT,515F-926R,NA,NA,PS114_17-3,PS121_3-1,0.12,16S_FRAM_3988_CGGAGCCT-TCTCTCCG_L001_R2_001.fastq.gz,2019-05-20,5_2019_F4_2,WSC,27.774,906,4.80465094,0.705628316,0.6675472
06_2019_F4_1,16S,79,24,47.76,4.19,35.03,27.79,312.09,96.92,1.06,543.55,8.09,0.92,0.08,NA,NA,NA,NA,0,57.28,0,59.59,49.02,RAS_F4_06_1819_1,16S_FRAM_3989_clip,25,16S_FRAM_3989_TACGCTGC-CTCTCTAT_L001_R1_001.fastq.gz,J3DYP,F4-S-3,F4,2019-06-01,2019-06-09,NA,NA,2018-19,Jun,19-Jun,7,FWD:GTGYCAGCMGCCGCGGTAA REV:CCGYCAATTYMTTTRAGTTT,515F-926R,NA,NA,PS114_17-3,PS121_3-1,1.28,16S_FRAM_3989_TACGCTGC-CTCTCTAT_L001_R2_001.fastq.gz,2019-06-05,6_2019_F4_1,WSC,25.02,957,4.717966701,0.68736915,NA
06_2019_F4_2,16S,79,24,30.92,4.45,35.04,27.77,312.29,97.58,0.69,723.32,8.09,0.92,0.08,NA,NA,NA,NA,0.38,21.44,0.08,41.84,52.67,RAS_F4_06_1819_2,16S_FRAM_3990_clip,25,16S_FRAM_3990_TACGCTGC-TATCCTCT_L001_R1_001.fastq.gz,J3DYP,F4-S-3,F4,2019-06-17,2019-06-25,NA,NA,2018-19,Jun,19-Jun,7,FWD:GTGYCAGCMGCCGCGGTAA REV:CCGYCAATTYMTTTRAGTTT,515F-926R,NA,NA,PS114_17-3,PS121_3-1,0.98,16S_FRAM_3990_TACGCTGC-TATCCTCT_L001_R2_001.fastq.gz,2019-06-21,6_2019_F4_2,WSC,30.334,883,4.821136342,0.710733482,NA
07_2019_F4_1,16S,79,24,23.7,4.88,35.04,27.72,320.37,101.13,3.35,472.92,8.15,0.92,0.08,NA,NA,NA,NA,0,75.42,1.27,36.82,0,RAS_F4_07_1819_1,16S_FRAM_3991_clip,25,16S_FRAM_3991_TACGCTGC-GTAAGGAG_L001_R1_001.fastq.gz,J3DYP,F4-S-3,F4,2019-07-03,2019-07-03,NA,NA,2018-19,Jul,19-Jul,7,FWD:GTGYCAGCMGCCGCGGTAA REV:CCGYCAATTYMTTTRAGTTT,515F-926R,NA,NA,PS114_17-3,PS121_3-1,0.73,16S_FRAM_3991_TACGCTGC-GTAAGGAG_L001_R2_001.fastq.gz,2019-07-03,7_2019_F4_1,WSC,56.336,771,4.550023308,0.684451956,2.8510635
07_2019_F4_2,16S,79,24,38.51,5.05,35.03,27.69,310.23,98.33,0.99,592.2,8.11,0.89,0.11,NA,NA,NA,NA,0,58.49,0,73.3,0,RAS_F4_07_1819_2,16S_FRAM_3992_clip,25,16S_FRAM_3992_TACGCTGC-ACTGCATA_L001_R1_001.fastq.gz,J3DYP,F4-S-3,F4,2019-07-11,2019-07-11,NA,NA,2018-19,Jul,19-Jul,7,FWD:GTGYCAGCMGCCGCGGTAA REV:CCGYCAATTYMTTTRAGTTT,515F-926R,NA,NA,PS114_17-3,PS121_3-1,0.47,16S_FRAM_3992_TACGCTGC-ACTGCATA_L001_R2_001.fastq.gz,2019-07-11,7_2019_F4_2,WSC,41.706,937,4.940927051,0.722074491,1.131425
07_2019_F4_3,16S,79,24,30.66,5.41,35.02,27.64,295.94,94.59,0.32,736.2,8.07,0.88,0.12,NA,NA,NA,NA,0,75.42,0,60.61,0,RAS_F4_07_1819_3,16S_FRAM_3993_clip,25,16S_FRAM_3993_TACGCTGC-AAGGAGTA_L001_R1_001.fastq.gz,J3DYP,F4-S-3,F4,2019-07-19,2019-07-19,NA,NA,2018-19,Jul,19-Jul,7,FWD:GTGYCAGCMGCCGCGGTAA REV:CCGYCAATTYMTTTRAGTTT,515F-926R,NA,NA,PS114_17-3,PS121_3-1,0.52,16S_FRAM_3993_TACGCTGC-AAGGAGTA_L001_R2_001.fastq.gz,2019-07-19,7_2019_F4_3,WSC,20.608,1014,5.060870633,0.731164484,2.6421142
07_2019_F4_4,16S,79,24,22.6,6.21,34.99,27.52,317.46,103.35,1.88,614.3,7.89,0.83,0.17,NA,NA,NA,NA,0,75.42,0,73.9,0,RAS_F4_07_1819_4,16S_FRAM_3994_clip,25,16S_FRAM_3994_TACGCTGC-CTAAGCCT_L001_R1_001.fastq.gz,J3DYP,F4-S-3,F4,2019-07-27,2019-07-27,NA,NA,2018-19,Jul,19-Jul,7,FWD:GTGYCAGCMGCCGCGGTAA REV:CCGYCAATTYMTTTRAGTTT,515F-926R,NA,NA,PS114_17-3,PS121_3-1,1.79,16S_FRAM_3994_TACGCTGC-CTAAGCCT_L001_R2_001.fastq.gz,2019-07-27,7_2019_F4_4,WSC,51.146,739,4.83861028,0.732534753,3.9750398
08_2019_F4_1,16S,79,24,23.09,4.8,34.78,27.53,354.42,111.43,3.68,522.15,8.23,0.61,0.39,NA,NA,NA,NA,0,75.42,0,75.42,0,RAS_F4_08_1819_3,16S_FRAM_3995_clip,25,16S_FRAM_3995_TACGCTGC-CGTCTAAT_L001_R1_001.fastq.gz,J3DYP,F4-S-3,F4,2019-08-04,2019-08-04,NA,NA,2019-20,Aug,19-Aug,7,FWD:GTGYCAGCMGCCGCGGTAA REV:CCGYCAATTYMTTTRAGTTT,515F-926R,NA,NA,PS114_17-3,PS121_3-1,1.23,16S_FRAM_3995_TACGCTGC-CGTCTAAT_L001_R2_001.fastq.gz,2019-08-04,8_2019_F4_1,WSC,14.8,687,4.269144777,0.653540463,NA
08_2019_F4_2,16S,79,24,22.85,7.04,34.95,27.38,310.81,103.09,3.46,533.02,8.21,0.77,0.23,NA,NA,NA,NA,0,75.42,0,75.42,0,RAS_F4_08_1819_4,16S_FRAM_3996_clip,25,16S_FRAM_3996_TACGCTGC-TCTCTCCG_L001_R1_001.fastq.gz,J3DYP,F4-S-3,F4,2019-08-12,2019-08-12,NA,NA,2019-20,Aug,19-Aug,7,FWD:GTGYCAGCMGCCGCGGTAA REV:CCGYCAATTYMTTTRAGTTT,515F-926R,NA,NA,PS114_17-3,PS121_3-1,4.18,16S_FRAM_3996_TACGCTGC-TCTCTCCG_L001_R2_001.fastq.gz,2019-08-12,8_2019_F4_2,WSC,28.038,632,4.948315369,0.767312799,30.7212447
09_2019_F4_1,16S,79.02,14.51,31.5,6.37,34.89,27.42,292.44,95.48,1.91,388.8,8.13,0.71,0.29,NA,NA,NA,NA,0,75.42,0,72.56,24.07,RAS_F4_09_1920_1,PS126-RAS-DNA-25-clip,25,PS126-RAS-DNA-25-bact_S1_L001_R1_001.fastq.gz,JK6MD,F4-S-4,F4,2019-09-11,2019-09-19,NA,NA,2019-20,Sep,19-Sep,6.97,FWD:GTGYCAGCMGCCGCGGTAA REV:CCGYCAATTYMTTTRAGTTT,515F-926R,NA,NA,NA,PS126_9-2 ,1.13,PS126-RAS-DNA-25-bact_S1_L001_R2_001.fastq.gz,2019-09-15,9_2019_F4_1,WSC,6.266,898,5.185794953,0.762597832,8.8836709
10_2019_F4_1,16S,79.02,10.13,25.33,6.18,34.82,27.39,289.16,93.94,1.15,395.83,8.12,0.63,0.37,NA,NA,NA,NA,0,75.42,0,75.42,10.12,RAS_F4_10_1920_1,PS126-RAS-DNA-26-clip,25,PS126-RAS-DNA-26-bact_S13_L001_R1_001.fastq.gz,JK6MD,F4-S-4,F4,2019-09-27,2019-10-05,NA,NA,2019-20,Oct,19-Oct,6.97,FWD:GTGYCAGCMGCCGCGGTAA REV:CCGYCAATTYMTTTRAGTTT,515F-926R,NA,NA,NA,PS126_9-2 ,0.82,PS126-RAS-DNA-26-bact_S13_L001_R2_001.fastq.gz,2019-10-01,10_2019_F4_1,WSC,2.032,809,4.822226659,0.720186899,10.3489447
10_2019_F4_2,16S,79.02,4.68,21.85,4.96,34.68,27.43,295.7,93.28,0.74,400.5,8.12,0.49,0.51,NA,NA,NA,NA,0,70.2,0,75.42,49.67,RAS_F4_10_1920_2,PS126-RAS-DNA-27-clip,25,PS126-RAS-DNA-27-bact_S25_L001_R1_001.fastq.gz,JK6MD,F4-S-4,F4,2019-10-13,2019-10-21,NA,NA,2019-20,Oct,19-Oct,6.97,FWD:GTGYCAGCMGCCGCGGTAA REV:CCGYCAATTYMTTTRAGTTT,515F-926R,NA,NA,NA,PS126_9-2 ,0.73,PS126-RAS-DNA-27-bact_S25_L001_R2_001.fastq.gz,2019-10-17,10_2019_F4_2,WSC,0,845,4.998331353,0.741665186,5.7322048
11_2019_F4_1,16S,79.02,0,24.74,3.21,34.53,27.49,307.44,92.88,0.5,410.35,8.12,0.34,0.66,NA,NA,NA,NA,0,75.42,0,73.44,0,RAS_F4_11_1920_1,PS126-RAS-DNA-28-clip,25,PS126-RAS-DNA-28-bact_S37_L001_R1_001.fastq.gz,JK6MD,F4-S-4,F4,2019-10-29,2019-11-06,NA,NA,2019-20,Nov,19-Nov,6.97,FWD:GTGYCAGCMGCCGCGGTAA REV:CCGYCAATTYMTTTRAGTTT,515F-926R,NA,NA,NA,PS126_9-2 ,0.43,PS126-RAS-DNA-28-bact_S37_L001_R2_001.fastq.gz,2019-11-02,11_2019_F4_1,WSC,0,859,5.004520766,0.740777375,NA
11_2019_F4_2,16S,79.02,0,21.29,3.01,34.68,27.62,308.22,92.67,0.41,419.7,8.11,0.52,0.48,NA,NA,NA,NA,0,67.03,0,75.42,48.37,RAS_F4_11_1920_2,PS126-RAS-DNA-29-clip,25,PS126-RAS-DNA-29-bact_S49_L001_R1_001.fastq.gz,JK6MD,F4-S-4,F4,2019-11-14,2019-11-22,NA,NA,2019-20,Nov,19-Nov,6.97,FWD:GTGYCAGCMGCCGCGGTAA REV:CCGYCAATTYMTTTRAGTTT,515F-926R,NA,NA,NA,PS126_9-2 ,0.42,PS126-RAS-DNA-29-bact_S49_L001_R2_001.fastq.gz,2019-11-18,11_2019_F4_2,WSC,0,892,4.335972771,0.638256331,NA
12_2019_F4_1,16S,79.02,0,22.65,3.77,34.95,27.77,299.91,92.14,0.37,455.5,8.17,0.83,0.17,NA,NA,NA,NA,0,75.42,0,68.4,257.24,RAS_F4_12_1920_1,PS126-RAS-DNA-30-clip,25,PS126-RAS-DNA-30-bact_S61_L001_R1_001.fastq.gz,JK6MD,F4-S-4,F4,2019-11-30,2019-12-08,NA,NA,2019-20,Dec,19-Dec,6.97,FWD:GTGYCAGCMGCCGCGGTAA REV:CCGYCAATTYMTTTRAGTTT,515F-926R,NA,NA,NA,PS126_9-2 ,0.34,PS126-RAS-DNA-30-bact_S61_L001_R2_001.fastq.gz,2019-12-04,12_2019_F4_1,WSC,0,872,4.20061604,0.6204027,2.1331276
12_2019_F4_2,16S,79.02,0,21.45,2.41,34.73,27.72,309.97,91.9,0.38,454.62,0,0.59,0.41,NA,NA,NA,NA,0,75.42,0,74.36,196.99,RAS_F4_12_1920_2,PS126-RAS-DNA-31-clip,25,PS126-RAS-DNA-31-bact_S73_L001_R1_001.fastq.gz,JK6MD,F4-S-4,F4,2019-12-16,2019-12-24,NA,NA,2019-20,Dec,19-Dec,6.97,FWD:GTGYCAGCMGCCGCGGTAA REV:CCGYCAATTYMTTTRAGTTT,515F-926R,NA,NA,NA,PS126_9-2 ,0.33,PS126-RAS-DNA-31-bact_S73_L001_R2_001.fastq.gz,2019-12-20,12_2019_F4_2,WSC,0,1026,4.670879874,0.673675882,NA
01_2020_F4_1,16S,79.02,0,32.97,2.66,34.88,27.82,308.58,92.2,0.35,454.83,0,0.76,0.24,NA,NA,NA,NA,0,67.77,0,71.55,272.8,RAS_F4_01_1920_1,PS126-RAS-DNA-32-clip,25,PS126-RAS-DNA-32-bact_S85_L001_R1_001.fastq.gz,JK6MD,F4-S-4,F4,2020-01-01,2020-01-09,NA,NA,2019-20,Jan,20-Jan,6.97,FWD:GTGYCAGCMGCCGCGGTAA REV:CCGYCAATTYMTTTRAGTTT,515F-926R,NA,NA,NA,PS126_9-2 ,0.18,PS126-RAS-DNA-32-bact_S85_L001_R2_001.fastq.gz,2020-01-05,1_2020_F4_1,WSC,0,1106,5.184775386,0.739783342,2.592965
01_2020_F4_2,16S,79.02,0,33.39,3.33,34.94,27.8,303.24,92.15,0.33,464.92,0,0.82,0.18,NA,NA,NA,NA,0,55.91,0,56.79,163.28,RAS_F4_01_1920_2,PS126-RAS-DNA-33-clip,25,PS126-RAS-DNA-33-bact_S2_L001_R1_001.fastq.gz,JK6MD,F4-S-4,F4,2020-01-17,2020-01-25,NA,NA,2019-20,Jan,20-Jan,6.97,FWD:GTGYCAGCMGCCGCGGTAA REV:CCGYCAATTYMTTTRAGTTT,515F-926R,NA,NA,NA,PS126_9-2 ,0.24,PS126-RAS-DNA-33-bact_S2_L001_R2_001.fastq.gz,2020-01-21,1_2020_F4_2,WSC,0,1192,5.411563127,0.763979503,NA
02_2020_F4_1,16S,79.02,0,22.29,3.26,34.94,27.81,302.57,91.81,0.36,466.62,0,0.83,0.17,NA,NA,NA,NA,0,65.92,0,60.38,55.71,RAS_F4_02_1920_1,PS126-RAS-DNA-34-clip,25,PS126-RAS-DNA-34-bact_S14_L001_R1_001.fastq.gz,JK6MD,F4-S-4,F4,2020-02-02,2020-02-10,NA,NA,2019-20,Feb,20-Feb,6.97,FWD:GTGYCAGCMGCCGCGGTAA REV:CCGYCAATTYMTTTRAGTTT,515F-926R,NA,NA,NA,PS126_9-2 ,0.18,PS126-RAS-DNA-34-bact_S14_L001_R2_001.fastq.gz,2020-02-06,2_2020_F4_1,WSC,0,1216,5.391550631,0.759018187,NA
02_2020_F4_2,16S,79.02,2.12,27.03,1.76,34.72,27.75,310.32,90.5,0.34,444.52,0,0.6,0.4,NA,NA,NA,NA,0,65.45,0,68.42,154.81,RAS_F4_02_1920_2,PS126-RAS-DNA-35-clip,25,PS126-RAS-DNA-35-bact_S26_L001_R1_001.fastq.gz,JK6MD,F4-S-4,F4,2020-02-18,2020-02-26,NA,NA,2019-20,Feb,20-Feb,6.97,FWD:GTGYCAGCMGCCGCGGTAA REV:CCGYCAATTYMTTTRAGTTT,515F-926R,NA,NA,NA,PS126_9-2 ,0.19,PS126-RAS-DNA-35-bact_S26_L001_R2_001.fastq.gz,2020-02-22,2_2020_F4_2,WSC,0,1370,5.572004239,0.771471555,2.6960285
03_2020_F4_1,16S,79.02,8.55,54.59,-0.22,34.51,27.7,322.46,89.21,0.31,424.28,0,0.39,0.61,NA,NA,NA,NA,7.7,25.34,0,58.5,41.74,RAS_F4_03_1920_1,PS126-RAS-DNA-36-clip,25,PS126-RAS-DNA-36-bact_S38_L001_R1_001.fastq.gz,JK6MD,F4-S-4,F4,2020-03-05,2020-03-13,NA,NA,2019-20,Mar,20-Mar,6.97,FWD:GTGYCAGCMGCCGCGGTAA REV:CCGYCAATTYMTTTRAGTTT,515F-926R,NA,NA,NA,PS126_9-2 ,0.07,PS126-RAS-DNA-36-bact_S38_L001_R2_001.fastq.gz,2020-03-09,3_2020_F4_1,WSC,1.936,1168,5.578834285,0.789862133,NA
03_2020_F4_2,16S,79.02,13.07,22.66,-0.04,34.51,27.71,320.23,89.09,0.35,418.98,0,0.39,0.61,NA,NA,NA,NA,38.15,-7.05,13.06,19.1,25.23,RAS_F4_03_1920_2,PS126-RAS-DNA-37-clip,25,PS126-RAS-DNA-37-bact_S50_L001_R1_001.fastq.gz,JK6MD,F4-S-4,F4,2020-03-21,2020-03-29,NA,NA,2019-20,Mar,20-Mar,6.97,FWD:GTGYCAGCMGCCGCGGTAA REV:CCGYCAATTYMTTTRAGTTT,515F-926R,NA,NA,NA,PS126_9-2 ,0.12,PS126-RAS-DNA-37-bact_S50_L001_R2_001.fastq.gz,2020-03-25,3_2020_F4_2,WSC,6.304,1280,5.579600405,0.77986029,NA
04_2020_F4_1,16S,79.02,18.02,21.2,0.9,34.63,27.76,322.55,92.03,0.77,427.42,0,0.51,0.49,NA,NA,NA,NA,1.15,23.57,19.9,4.58,50.13,RAS_F4_04_1920_1,PS126-RAS-DNA-38-clip,25,PS126-RAS-DNA-38-bact_S62_L001_R1_001.fastq.gz,JK6MD,F4-S-4,F4,2020-04-06,2020-04-14,NA,NA,2019-20,Apr,20-Apr,6.97,FWD:GTGYCAGCMGCCGCGGTAA REV:CCGYCAATTYMTTTRAGTTT,515F-926R,NA,NA,NA,PS126_9-2 ,0.16,PS126-RAS-DNA-38-bact_S62_L001_R2_001.fastq.gz,2020-04-10,4_2020_F4_1,WSC,11.974,1226,5.596210568,0.786922736,3.4093871
04_2020_F4_2,16S,79.02,24,26.18,2.4,34.82,27.78,319.92,94.82,1.57,465,0,0.7,0.3,NA,NA,NA,NA,0,33.12,0.65,40.08,51.38,RAS_F4_04_1920_2,PS126-RAS-DNA-39-clip,25,PS126-RAS-DNA-39-bact_S74_L001_R1_001.fastq.gz,JK6MD,F4-S-4,F4,2020-04-22,2020-04-30,NA,NA,2019-20,Apr,20-Apr,6.97,FWD:GTGYCAGCMGCCGCGGTAA REV:CCGYCAATTYMTTTRAGTTT,515F-926R,NA,NA,NA,PS126_9-2 ,0.32,PS126-RAS-DNA-39-bact_S74_L001_R2_001.fastq.gz,2020-04-26,4_2020_F4_2,WSC,30.36,1313,5.525449446,0.769553715,2.7602577
05_2020_F4_1,16S,79.02,24,20.68,2.29,34.85,27.82,333.57,98.71,3.36,496.78,0,0.74,0.26,NA,NA,NA,NA,0,73.23,0,54.78,23.94,RAS_F4_05_1920_1,PS126-RAS-DNA-40-clip,25,PS126-RAS-DNA-40-bact_S86_L001_R1_001.fastq.gz,JK6MD,F4-S-4,F4,2020-05-08,2020-05-16,NA,NA,2019-20,May,20-May,6.97,FWD:GTGYCAGCMGCCGCGGTAA REV:CCGYCAATTYMTTTRAGTTT,515F-926R,NA,NA,NA,PS126_9-2 ,1.06,PS126-RAS-DNA-40-bact_S86_L001_R2_001.fastq.gz,2020-05-12,5_2020_F4_1,WSC,22.606,878,4.326679628,0.638374924,0.8432837
05_2020_F4_2,16S,79.02,24,20.92,3.63,34.94,27.77,320.53,98.13,1.64,476.55,0,0.81,0.19,NA,NA,NA,NA,0,60.42,0,61.64,48.25,RAS_F4_05_1920_2,PS126-RAS-DNA-41-clip,25,PS126-RAS-DNA-41-bact_S3_L001_R1_001.fastq.gz,JK6MD,F4-S-4,F4,2020-05-24,2020-06-01,NA,NA,2019-20,May,20-May,6.97,FWD:GTGYCAGCMGCCGCGGTAA REV:CCGYCAATTYMTTTRAGTTT,515F-926R,NA,NA,NA,PS126_9-2 ,2.66,PS126-RAS-DNA-41-bact_S3_L001_R2_001.fastq.gz,2020-05-28,5_2020_F4_2,WSC,27.754,615,3.461356191,0.539015851,NA
06_2020_F4_1,16S,79.02,24,20.78,4.09,34.88,27.67,334.34,103.29,5.99,542.4,0,0.73,0.27,NA,NA,NA,NA,0,59.21,0,67.18,24.2,RAS_F4_06_1920_1,PS126-RAS-DNA-42-clip,25,PS126-RAS-DNA-42-bact_S15_L001_R1_001.fastq.gz,JK6MD,F4-S-4,F4,2020-06-09,2020-06-17,NA,NA,2019-20,Jun,20-Jun,6.97,FWD:GTGYCAGCMGCCGCGGTAA REV:CCGYCAATTYMTTTRAGTTT,515F-926R,NA,NA,NA,PS126_9-2 ,2.94,PS126-RAS-DNA-42-bact_S15_L001_R2_001.fastq.gz,2020-06-13,6_2020_F4_1,WSC,35.924,822,4.738545969,0.70600853,NA
06_2020_F4_2,16S,79.02,24,22.11,5.25,34.81,27.5,320.15,101.77,2.14,492.83,0,0.63,0.37,NA,NA,NA,NA,0,43.06,0.6,40.12,0,RAS_F4_06_1920_2,PS126-RAS-DNA-43-clip,25,PS126-RAS-DNA-43-bact_S27_L001_R1_001.fastq.gz,JK6MD,F4-S-4,F4,2020-06-25,2020-07-03,NA,NA,2019-20,Jun,20-Jun,6.97,FWD:GTGYCAGCMGCCGCGGTAA REV:CCGYCAATTYMTTTRAGTTT,515F-926R,NA,NA,NA,PS126_9-2 ,5.7,PS126-RAS-DNA-43-bact_S27_L001_R2_001.fastq.gz,2020-06-29,6_2020_F4_2,WSC,54.278,670,4.527200355,0.695713408,4.0387677
07_2020_F4_1,16S,79.02,24,31.88,6.24,34.88,27.43,318.63,103.68,4.42,507.38,0,0.7,0.3,NA,NA,NA,NA,0,75.42,1.11,55.13,0,RAS_F4_07_1920_1,PS126-RAS-DNA-44-clip,25,PS126-RAS-DNA-44-bact_S39_L001_R1_001.fastq.gz,JK6MD,F4-S-4,F4,2020-07-11,2020-07-19,NA,NA,2019-20,Jul,20-Jul,6.97,FWD:GTGYCAGCMGCCGCGGTAA REV:CCGYCAATTYMTTTRAGTTT,515F-926R,NA,NA,NA,PS126_9-2 ,3.42,PS126-RAS-DNA-44-bact_S39_L001_R2_001.fastq.gz,2020-07-15,7_2020_F4_1,WSC,28.738,702,4.53834899,0.692461871,5.728704
07_2020_F4_2,16S,79.02,24,21.42,6.54,34.95,27.44,323.86,106.21,4.93,737,0,0.77,0.23,NA,NA,NA,NA,0,75.42,0,75.42,0,RAS_F4_07_1920_2,PS126-RAS-DNA-45-clip,25,PS126-RAS-DNA-45-bact_S51_L001_R1_001.fastq.gz,JK6MD,F4-S-4,F4,2020-07-27,2020-08-04,NA,NA,2019-20,Jul,20-Jul,6.97,FWD:GTGYCAGCMGCCGCGGTAA REV:CCGYCAATTYMTTTRAGTTT,515F-926R,NA,NA,NA,PS126_9-2 ,6.4,PS126-RAS-DNA-45-bact_S51_L001_R2_001.fastq.gz,2020-07-31,7_2020_F4_2,WSC,26.21,631,4.729442326,0.733553274,9.6036418
08_2020_F4,16S,79.02,24,26.35,6.78,34.93,27.39,292.47,96.42,1.94,643.22,0,0.75,0.25,NA,NA,NA,NA,0,75.42,0,75.42,0,RAS_F4_08_1920,PS126-RAS-DNA-46-clip,25,PS126-RAS-DNA-46-bact_S63_L001_R1_001.fastq.gz,JK6MD,F4-S-4,F4,2020-08-12,2020-08-20,NA,NA,2020-21,Aug,20-Aug,6.97,FWD:GTGYCAGCMGCCGCGGTAA REV:CCGYCAATTYMTTTRAGTTT,515F-926R,NA,NA,NA,PS126_9-2 ,2.52,PS126-RAS-DNA-46-bact_S63_L001_R2_001.fastq.gz,2020-08-16,8_2020_F4,WSC,4.65,742,4.665177379,0.705845191,NA
09_2020_F4_1,16S,79.02,18.83,20.54,7.07,34.73,27.2,293.68,97.31,1.71,502.58,0,0.51,0.49,NA,NA,NA,NA,0,75.42,0,75.22,0,RAS_F4_09_1920_2,PS126-RAS-DNA-47-clip,25,PS126-RAS-DNA-47-bact_S75_L001_R1_001.fastq.gz,JK6MD,F4-S-4,F4,2020-08-28,2020-09-05,NA,NA,2020-21,Sep,20-Sep,6.97,FWD:GTGYCAGCMGCCGCGGTAA REV:CCGYCAATTYMTTTRAGTTT,515F-926R,NA,NA,NA,PS126_9-2 ,2.71,PS126-RAS-DNA-47-bact_S75_L001_R2_001.fastq.gz,2020-09-01,9_2020_F4_1,WSC,11.29,770,4.755910227,0.715562863,NA
09_2020_F4_2,16S,79.02,13.67,22.81,6.69,34.82,27.32,288.41,94.81,1.73,789.45,0,0.61,0.39,NA,NA,NA,NA,0,75.42,0,74.6,0,RAS_F4_09_1920_3,PS126-RAS-DNA-48-clip,25,PS126-RAS-DNA-48-bact_S87_L001_R1_001.fastq.gz,JK6MD,F4-S-4,F4,2020-09-13,2020-09-21,NA,NA,2020-21,Sep,20-Sep,6.97,FWD:GTGYCAGCMGCCGCGGTAA REV:CCGYCAATTYMTTTRAGTTT,515F-926R,NA,NA,NA,PS126_9-2 ,2.09,PS126-RAS-DNA-48-bact_S87_L001_R2_001.fastq.gz,2020-09-17,9_2020_F4_2,WSC,5.662,821,4.887411978,0.728320564,NA