Library_name	RAS_id	Read_name	Length	Breadth_coverage	Mean_depth_coverage	CVPG	CV_per_genome	seq_name	taxonomy
4752_BW_run525_CCS_trimmed_deduplicated	9_2016_F4_1	5068_L_run562_hifi_trimmed_deduplicated_s301.ctg000314l||full	59196	0.6496553821204135	11.148016757889046	10.2319	0.0351451	5068_L_run562_hifi_trimmed_deduplicated_s301.ctg000314l||full	Other
4752_BW_run525_CCS_trimmed_deduplicated	9_2016_F4_1	5516.AD.hifi_reads_s2295.ctg002301l||full	26541	0.0088165479823669	0.0088165479823669	0.00809199	2.77949e-05	5516.AD.hifi_reads_s2295.ctg002301l||full	Other
4752_BW_run525_CCS_trimmed_deduplicated	9_2016_F4_1	5516.AF.hifi_reads_s4994.ctg005025l||full	10759	0.9973045822102424	10.375685472627568	9.52299	0.0327102	5516.AF.hifi_reads_s4994.ctg005025l||full	Other
4752_BW_run525_CCS_trimmed_deduplicated	9_2016_F4_1	5516.D.hifi_reads_s160.ctg000161l||full	26805	0.0890132437977989	0.0890132437977989	0.081698	0.000280622	5516.D.hifi_reads_s160.ctg000161l||full	Other
4752_BW_run525_CCS_trimmed_deduplicated	9_2016_F4_1	5516_AB_hifi_reads_s463.ctg000464l||full	13785	0.334639100471527	5.693725063474791	5.2258	0.01795	5516_AB_hifi_reads_s463.ctg000464l||full	Other
4752_CA_run525_CCS_trimmed_deduplicated	12_2016_F4	4752_CF_run525_CCS_trimmed_deduplicated_s103.ctg000104l||full	29963	0.1789874178153055	0.1789874178153055	0.175776	0.000544531	4752_CF_run525_CCS_trimmed_deduplicated_s103.ctg000104l||full	Other
4752_CA_run525_CCS_trimmed_deduplicated	12_2016_F4	5068_L_run562_hifi_trimmed_deduplicated_s301.ctg000314l||full	59196	0.7499831069666869	13.906108520846002	13.6566	0.0423064	5068_L_run562_hifi_trimmed_deduplicated_s301.ctg000314l||full	Other
4752_CA_run525_CCS_trimmed_deduplicated	12_2016_F4	5516.AD.hifi_reads_s2295.ctg002301l||full	26541	0.7784559737764214	1.6436456802682642	1.61415	0.00500044	5516.AD.hifi_reads_s2295.ctg002301l||full	Other
4752_CA_run525_CCS_trimmed_deduplicated	12_2016_F4	5516.AF.hifi_reads_s4994.ctg005025l||full	10759	0.2541128357654057	0.2541128357654057	0.249553	0.000773084	5516.AF.hifi_reads_s4994.ctg005025l||full	Other
4752_CA_run525_CCS_trimmed_deduplicated	12_2016_F4	5516.D.hifi_reads_s160.ctg000161l||full	26805	0.8713299757507927	3.711173288565566	3.64458	0.0112905	5516.D.hifi_reads_s160.ctg000161l||full	Other
4752_CA_run525_CCS_trimmed_deduplicated	12_2016_F4	5516_AB_hifi_reads_s100.ctg000101l||full	47011	0.0923400906170896	0.0923400906170896	0.0906832	0.000280925	5516_AB_hifi_reads_s100.ctg000101l||full	Other
4752_CA_run525_CCS_trimmed_deduplicated	12_2016_F4	5516_AB_hifi_reads_s463.ctg000464l||full	13785	0.079651795429815	0.2893725063474791	0.28418	0.000880354	5516_AB_hifi_reads_s463.ctg000464l||full	Other
4752_CF_run525_CCS_trimmed_deduplicated	3_2017_F4_2	4752_CF_run525_CCS_trimmed_deduplicated_s103.ctg000104l||full	29963	1.0	3.0096452291159097	1.03601	0.00381886	4752_CF_run525_CCS_trimmed_deduplicated_s103.ctg000104l||full	Other
4752_CF_run525_CCS_trimmed_deduplicated	3_2017_F4_2	5068_L_run562_hifi_trimmed_deduplicated_s301.ctg000314l||full	59196	0.7465031421041962	14.948391783228596	5.1457	0.0189676	5068_L_run562_hifi_trimmed_deduplicated_s301.ctg000314l||full	Other
4752_CF_run525_CCS_trimmed_deduplicated	3_2017_F4_2	5516.AD.hifi_reads_s2295.ctg002301l||full	26541	0.7771372593346144	5.099506424023209	1.75541	0.00647063	5516.AD.hifi_reads_s2295.ctg002301l||full	Other
4752_CF_run525_CCS_trimmed_deduplicated	3_2017_F4_2	5516.D.hifi_reads_s160.ctg000161l||full	26805	0.7414288379033762	7.943033016228315	2.73424	0.0100787	5516.D.hifi_reads_s160.ctg000161l||full	Other
4752_CF_run525_CCS_trimmed_deduplicated	3_2017_F4_2	5516.H.hifi_reads_s1930.ctg002193l||full	20784	0.0376250962278675	0.0376250962278675	0.0129517	4.77415e-05	5516.H.hifi_reads_s1930.ctg002193l||full	Other
4752_CF_run525_CCS_trimmed_deduplicated	3_2017_F4_2	5516_AB_hifi_reads_s100.ctg000101l||full	47011	0.1003594903320499	0.1102295207504626	0.0379444	0.000139867	5516_AB_hifi_reads_s100.ctg000101l||full	Other
4752_CF_run525_CCS_trimmed_deduplicated	3_2017_F4_2	5516_AB_hifi_reads_s463.ctg000464l||full	13785	0.0826985854189336	1.867392092854552	0.642814	0.00236949	5516_AB_hifi_reads_s463.ctg000464l||full	Other
4752_CP_run525_CCS_trimmed_deduplicated	7_2017_F4_2	5068_L_run562_hifi_trimmed_deduplicated_s301.ctg000314l||full	59196	0.75	14.422849516859248	20.6961	0.0652028	5068_L_run562_hifi_trimmed_deduplicated_s301.ctg000314l||full	Other
4752_CP_run525_CCS_trimmed_deduplicated	7_2017_F4_2	5068_L_run562_hifi_trimmed_deduplicated_s3860.ctg004019l||full_1	25131	0.2651705065457005	0.3917870359317178	0.562197	0.00177119	5068_L_run562_hifi_trimmed_deduplicated_s3860.ctg004019l||full_1	Maveriviricetes
4752_CP_run525_CCS_trimmed_deduplicated	7_2017_F4_2	5516.AF.hifi_reads_s4994.ctg005025l||full	10759	0.6406729249930291	1.45487498838182	2.08768	0.00657719	5516.AF.hifi_reads_s4994.ctg005025l||full	Other
4752_CP_run525_CCS_trimmed_deduplicated	7_2017_F4_2	5516.K.hifi_reads_s557.ctg000566l||full	15539	0.5031211789690456	0.9001866271960872	1.29173	0.00406956	5516.K.hifi_reads_s557.ctg000566l||full	Arfiviricetes
4752_CP_run525_CCS_trimmed_deduplicated	7_2017_F4_2	5516_AB_hifi_reads_s463.ctg000464l||full	13785	0.1659775117881755	0.5481320275661952	0.786545	0.00247799	5516_AB_hifi_reads_s463.ctg000464l||full	Other
4752_E_run525_CCS_trimmed_deduplicated	RAS_EGC_09_1617_1	5068_L_run562_hifi_trimmed_deduplicated_s301.ctg000314l||full	59196	0.75	49.605023988107305	38.4511	0.0699954	5068_L_run562_hifi_trimmed_deduplicated_s301.ctg000314l||full	Other
4752_E_run525_CCS_trimmed_deduplicated	RAS_EGC_09_1617_1	5516.AD.hifi_reads_s2295.ctg002301l||full	26541	0.7338457480878641	1.4126445876191551	1.095	0.00199332	5516.AD.hifi_reads_s2295.ctg002301l||full	Other
4752_E_run525_CCS_trimmed_deduplicated	RAS_EGC_09_1617_1	5516.AF.hifi_reads_s4994.ctg005025l||full	10759	0.117761873780091	0.225113858165257	0.174496	0.000317648	5516.AF.hifi_reads_s4994.ctg005025l||full	Other
4752_E_run525_CCS_trimmed_deduplicated	RAS_EGC_09_1617_1	5516.D.hifi_reads_s160.ctg000161l||full	26805	0.1985450475657526	0.6148852825965305	0.476625	0.000867636	5516.D.hifi_reads_s160.ctg000161l||full	Other
4752_E_run525_CCS_trimmed_deduplicated	RAS_EGC_09_1617_1	5516_AB_hifi_reads_s463.ctg000464l||full	13785	0.1923830250272034	0.4948132027566195	0.383552	0.000698208	5516_AB_hifi_reads_s463.ctg000464l||full	Other
4752_J_run525_CCS_trimmed_deduplicated	RAS_EGC_12_1617_1	5068_L_run562_hifi_trimmed_deduplicated_s301.ctg000314l||full	59196	0.5520812217041692	2.987651192648152	3.19816	0.00788298	5068_L_run562_hifi_trimmed_deduplicated_s301.ctg000314l||full	Other
4752_J_run525_CCS_trimmed_deduplicated	RAS_EGC_12_1617_1	5516.AD.hifi_reads_s2295.ctg002301l||full	26541	0.4640744508496289	1.6126747296635395	1.7263	0.00425508	5516.AD.hifi_reads_s2295.ctg002301l||full	Other
4752_J_run525_CCS_trimmed_deduplicated	RAS_EGC_12_1617_1	5516.AF.hifi_reads_s4994.ctg005025l||full	10759	0.1180407101031694	0.4607305511664653	0.493193	0.00121565	5516.AF.hifi_reads_s4994.ctg005025l||full	Other
4752_J_run525_CCS_trimmed_deduplicated	RAS_EGC_12_1617_1	5516.D.hifi_reads_s160.ctg000161l||full	26805	0.5149412423055401	1.5723559037493005	1.68314	0.0041487	5516.D.hifi_reads_s160.ctg000161l||full	Other
4752_J_run525_CCS_trimmed_deduplicated	RAS_EGC_12_1617_1	5516_AB_hifi_reads_s463.ctg000464l||full	13785	0.1426913311570547	0.5891186071817193	0.630628	0.0015544	5516_AB_hifi_reads_s463.ctg000464l||full	Other
4752_Q_run525_CCS_trimmed_deduplicated	RAS_EGC_03_1617_2	4752_CF_run525_CCS_trimmed_deduplicated_s103.ctg000104l||full	29963	0.6956246036778694	1.0998564896705938	0.811229	0.00213747	4752_CF_run525_CCS_trimmed_deduplicated_s103.ctg000104l||full	Other
4752_Q_run525_CCS_trimmed_deduplicated	RAS_EGC_03_1617_2	5068_L_run562_hifi_trimmed_deduplicated_s301.ctg000314l||full	59196	0.6770558821541997	4.483259003986756	3.30675	0.0087128	5068_L_run562_hifi_trimmed_deduplicated_s301.ctg000314l||full	Other
4752_Q_run525_CCS_trimmed_deduplicated	RAS_EGC_03_1617_2	5516.AD.hifi_reads_s2295.ctg002301l||full	26541	0.6262763271918917	1.2016502769300328	0.88631	0.0023353	5516.AD.hifi_reads_s2295.ctg002301l||full	Other
4752_Q_run525_CCS_trimmed_deduplicated	RAS_EGC_03_1617_2	5516.AF.hifi_reads_s4994.ctg005025l||full	10759	0.0566037735849056	0.0566037735849056	0.0417496	0.000110004	5516.AF.hifi_reads_s4994.ctg005025l||full	Other
4752_Q_run525_CCS_trimmed_deduplicated	RAS_EGC_03_1617_2	5516.D.hifi_reads_s160.ctg000161l||full	26805	0.3571721693713859	1.8699869427345643	1.37926	0.00363415	5516.D.hifi_reads_s160.ctg000161l||full	Other
4752_Q_run525_CCS_trimmed_deduplicated	RAS_EGC_03_1617_2	5516.H.hifi_reads_s1930.ctg002193l||full	20784	0.3704291762894534	0.3704291762894534	0.27322	0.000719895	5516.H.hifi_reads_s1930.ctg002193l||full	Other
4752_Q_run525_CCS_trimmed_deduplicated	RAS_EGC_03_1617_2	5516_AB_hifi_reads_s463.ctg000464l||full	13785	0.130866884294523	0.9759883931809938	0.719867	0.00189674	5516_AB_hifi_reads_s463.ctg000464l||full	Other
5068_A_run562_hifi_trimmed_deduplicated	RAS_EGC_07_1617_1	5068_L_run562_hifi_trimmed_deduplicated_s301.ctg000314l||full	59196	0.7499831069666869	18.727751875126696	11.7656	0.0242195	5068_L_run562_hifi_trimmed_deduplicated_s301.ctg000314l||full	Other
5068_A_run562_hifi_trimmed_deduplicated	RAS_EGC_07_1617_1	5516.AD.hifi_reads_s2295.ctg002301l||full	26541	0.3201461889152632	0.3788101427979353	0.237986	0.000489893	5516.AD.hifi_reads_s2295.ctg002301l||full	Other
5068_A_run562_hifi_trimmed_deduplicated	RAS_EGC_07_1617_1	5516.AF.hifi_reads_s4994.ctg005025l||full	10759	0.4611023329305697	0.7771168324193698	0.48822	0.001005	5516.AF.hifi_reads_s4994.ctg005025l||full	Other
5068_A_run562_hifi_trimmed_deduplicated	RAS_EGC_07_1617_1	5516.D.hifi_reads_s160.ctg000161l||full	26805	0.1282223465771311	0.3358701734750979	0.211009	0.000434362	5516.D.hifi_reads_s160.ctg000161l||full	Other
5068_A_run562_hifi_trimmed_deduplicated	RAS_EGC_07_1617_1	5516_AB_hifi_reads_s463.ctg000464l||full	13785	0.1756256800870511	0.6564381574174828	0.412405	0.000848934	5516_AB_hifi_reads_s463.ctg000464l||full	Other
5068_A_run562_hifi_trimmed_deduplicated	RAS_EGC_07_1617_1	5516_R_hifi_reads_s1287.ctg001288l||full_1	29380	0.3430565010211028	0.3430565010211028	0.215524	0.000443655	5516_R_hifi_reads_s1287.ctg001288l||full_1	Other
5068_B_run562_hifi_trimmed_deduplicated	RAS_EGC_08_1617_1	5068_L_run562_hifi_trimmed_deduplicated_s301.ctg000314l||full	59196	0.75	36.35727076153794	24.9729	0.0460545	5068_L_run562_hifi_trimmed_deduplicated_s301.ctg000314l||full	Other
5068_B_run562_hifi_trimmed_deduplicated	RAS_EGC_08_1617_1	5516.AD.hifi_reads_s2295.ctg002301l||full	26541	0.935722090350778	2.935269959685016	2.01617	0.00371817	5516.AD.hifi_reads_s2295.ctg002301l||full	Other
5068_B_run562_hifi_trimmed_deduplicated	RAS_EGC_08_1617_1	5516.AF.hifi_reads_s4994.ctg005025l||full	10759	0.4306162282740031	0.910772376614927	0.625587	0.00115369	5516.AF.hifi_reads_s4994.ctg005025l||full	Other
5068_B_run562_hifi_trimmed_deduplicated	RAS_EGC_08_1617_1	5516.D.hifi_reads_s160.ctg000161l||full	26805	0.1757507927625443	0.4411117328856556	0.302989	0.000558765	5516.D.hifi_reads_s160.ctg000161l||full	Other
5068_B_run562_hifi_trimmed_deduplicated	RAS_EGC_08_1617_1	5516_AB_hifi_reads_s100.ctg000101l||full	47011	0.1033162451341175	0.1033162451341175	0.0709654	0.000130873	5516_AB_hifi_reads_s100.ctg000101l||full	Other
5068_B_run562_hifi_trimmed_deduplicated	RAS_EGC_08_1617_1	5516_AB_hifi_reads_s463.ctg000464l||full	13785	0.2428726877040261	0.96873413130214	0.6654	0.00122712	5516_AB_hifi_reads_s463.ctg000464l||full	Other
5068_C_run562_hifi_trimmed_deduplicated	RAS_EGC_10_1617_2	4752_CF_run525_CCS_trimmed_deduplicated_s103.ctg000104l||full	29963	0.0432533457931448	0.0432533457931448	0.0232668	5.16341e-05	4752_CF_run525_CCS_trimmed_deduplicated_s103.ctg000104l||full	Other
5068_C_run562_hifi_trimmed_deduplicated	RAS_EGC_10_1617_2	5068_L_run562_hifi_trimmed_deduplicated_s301.ctg000314l||full	59196	0.75	20.612304885465235	11.0878	0.0246061	5068_L_run562_hifi_trimmed_deduplicated_s301.ctg000314l||full	Other
5068_C_run562_hifi_trimmed_deduplicated	RAS_EGC_10_1617_2	5068_N_run562_hifi_trimmed_deduplicated_s2170.ctg002244l||full	24185	0.29997932602853	0.5365722555302874	0.288633	0.000640538	5068_N_run562_hifi_trimmed_deduplicated_s2170.ctg002244l||full	Other
5068_C_run562_hifi_trimmed_deduplicated	RAS_EGC_10_1617_2	5516.AD.hifi_reads_s2295.ctg002301l||full	26541	0.9995855468897178	7.358728005726989	3.9584	0.00878455	5516.AD.hifi_reads_s2295.ctg002301l||full	Other
5068_C_run562_hifi_trimmed_deduplicated	RAS_EGC_10_1617_2	5516.AF.hifi_reads_s4994.ctg005025l||full	10759	0.8620689655172413	2.319639371688819	1.24778	0.00276909	5516.AF.hifi_reads_s4994.ctg005025l||full	Other
5068_C_run562_hifi_trimmed_deduplicated	RAS_EGC_10_1617_2	5516.D.hifi_reads_s160.ctg000161l||full	26805	0.914344338742772	5.3506062301809365	2.87819	0.00638733	5516.D.hifi_reads_s160.ctg000161l||full	Other
5068_C_run562_hifi_trimmed_deduplicated	RAS_EGC_10_1617_2	5516_AB_hifi_reads_s463.ctg000464l||full	13785	0.1740297424737033	1.2293072179905695	0.661268	0.0014675	5516_AB_hifi_reads_s463.ctg000464l||full	Other
5068_D_run562_hifi_trimmed_deduplicated	RAS_EGC_11_1617	4752_CF_run525_CCS_trimmed_deduplicated_s103.ctg000104l||full	29963	0.5402329539765711	0.5402329539765711	0.24016	0.000554688	4752_CF_run525_CCS_trimmed_deduplicated_s103.ctg000104l||full	Other
5068_D_run562_hifi_trimmed_deduplicated	RAS_EGC_11_1617	5068_L_run562_hifi_trimmed_deduplicated_s301.ctg000314l||full	59196	0.7093553618487736	18.85576728157308	8.38231	0.0193603	5068_L_run562_hifi_trimmed_deduplicated_s301.ctg000314l||full	Other
5068_D_run562_hifi_trimmed_deduplicated	RAS_EGC_11_1617	5516.AD.hifi_reads_s2295.ctg002301l||full	26541	0.9997362571116386	9.619456689649976	4.27632	0.00987685	5516.AD.hifi_reads_s2295.ctg002301l||full	Other
5068_D_run562_hifi_trimmed_deduplicated	RAS_EGC_11_1617	5516.AF.hifi_reads_s4994.ctg005025l||full	10759	0.6218050004647272	1.098057440282554	0.48814	0.00112744	5516.AF.hifi_reads_s4994.ctg005025l||full	Other
5068_D_run562_hifi_trimmed_deduplicated	RAS_EGC_11_1617	5516.D.hifi_reads_s160.ctg000161l||full	26805	0.4983025554933781	4.958776347696325	2.20442	0.00509146	5516.D.hifi_reads_s160.ctg000161l||full	Other
5068_D_run562_hifi_trimmed_deduplicated	RAS_EGC_11_1617	5516_AB_hifi_reads_s463.ctg000464l||full	13785	0.2834965542256075	1.475081610446137	0.655745	0.00151455	5516_AB_hifi_reads_s463.ctg000464l||full	Other
5068_E_run562_hifi_trimmed_deduplicated	RAS_EGC_02_1617_1	4752_CF_run525_CCS_trimmed_deduplicated_s103.ctg000104l||full	29963	0.4545939992657611	0.5417014317658445	0.218253	0.000561058	4752_CF_run525_CCS_trimmed_deduplicated_s103.ctg000104l||full	Other
5068_E_run562_hifi_trimmed_deduplicated	RAS_EGC_02_1617_1	5068_L_run562_hifi_trimmed_deduplicated_s301.ctg000314l||full	59196	0.5522501520372998	8.997280221636597	3.62503	0.00931878	5068_L_run562_hifi_trimmed_deduplicated_s301.ctg000314l||full	Other
5068_E_run562_hifi_trimmed_deduplicated	RAS_EGC_02_1617_1	5516.AD.hifi_reads_s2295.ctg002301l||full	26541	0.9874533740250931	6.286010323650202	2.53265	0.00651063	5516.AD.hifi_reads_s2295.ctg002301l||full	Other
5068_E_run562_hifi_trimmed_deduplicated	RAS_EGC_02_1617_1	5516.AF.hifi_reads_s4994.ctg005025l||full	10759	0.1143228924621247	0.1143228924621247	0.046061	0.000118408	5516.AF.hifi_reads_s4994.ctg005025l||full	Other
5068_E_run562_hifi_trimmed_deduplicated	RAS_EGC_02_1617_1	5516.D.hifi_reads_s160.ctg000161l||full	26805	0.7467263570229434	5.2415594105577314	2.11184	0.00542885	5516.D.hifi_reads_s160.ctg000161l||full	Other
5068_E_run562_hifi_trimmed_deduplicated	RAS_EGC_02_1617_1	5516_AB_hifi_reads_s463.ctg000464l||full	13785	0.0792890823358723	0.3645266594124048	0.146869	0.000377552	5516_AB_hifi_reads_s463.ctg000464l||full	Other
5068_F_run562_hifi_trimmed_deduplicated	RAS_EGC_05_1617_2	4752_CF_run525_CCS_trimmed_deduplicated_s103.ctg000104l||full	29963	0.6015419016787371	0.6447618729766712	0.457962	0.000984369	4752_CF_run525_CCS_trimmed_deduplicated_s103.ctg000104l||full	Other
5068_F_run562_hifi_trimmed_deduplicated	RAS_EGC_05_1617_2	5068_L_run562_hifi_trimmed_deduplicated_s301.ctg000314l||full	59196	0.75	25.306355159132373	17.9746	0.0386357	5068_L_run562_hifi_trimmed_deduplicated_s301.ctg000314l||full	Other
5068_F_run562_hifi_trimmed_deduplicated	RAS_EGC_05_1617_2	5516.AD.hifi_reads_s2295.ctg002301l||full	26541	0.1512753852530048	0.5070268640970573	0.360131	0.000774087	5516.AD.hifi_reads_s2295.ctg002301l||full	Other
5068_F_run562_hifi_trimmed_deduplicated	RAS_EGC_05_1617_2	5516.AF.hifi_reads_s4994.ctg005025l||full	10759	0.1496421600520494	0.1496421600520494	0.106288	0.000228461	5516.AF.hifi_reads_s4994.ctg005025l||full	Other
5068_F_run562_hifi_trimmed_deduplicated	RAS_EGC_05_1617_2	5516.D.hifi_reads_s160.ctg000161l||full	26805	0.3965678045140832	1.3666853199030031	0.97073	0.00208654	5516.D.hifi_reads_s160.ctg000161l||full	Other
5068_F_run562_hifi_trimmed_deduplicated	RAS_EGC_05_1617_2	5516_AB_hifi_reads_s463.ctg000464l||full	13785	0.0792890823358723	0.5813565469713456	0.412926	0.000887567	5516_AB_hifi_reads_s463.ctg000464l||full	Other
5068_G_run562_hifi_trimmed_deduplicated	10_2016_F4	5068_L_run562_hifi_trimmed_deduplicated_s301.ctg000314l||full	59196	0.7499831069666869	32.71356172714373	16.7084	0.0507266	5068_L_run562_hifi_trimmed_deduplicated_s301.ctg000314l||full	Other
5068_G_run562_hifi_trimmed_deduplicated	10_2016_F4	5516.AD.hifi_reads_s2295.ctg002301l||full	26541	0.5718322595230021	1.028597264609472	0.525354	0.00159497	5516.AD.hifi_reads_s2295.ctg002301l||full	Other
5068_G_run562_hifi_trimmed_deduplicated	10_2016_F4	5516.AF.hifi_reads_s4994.ctg005025l||full	10759	0.77256250580909	2.4448368807509997	1.2487	0.00379103	5516.AF.hifi_reads_s4994.ctg005025l||full	Other
5068_G_run562_hifi_trimmed_deduplicated	10_2016_F4	5516.D.hifi_reads_s160.ctg000161l||full	26805	0.4400298451781384	1.2142137660884162	0.620158	0.00188279	5516.D.hifi_reads_s160.ctg000161l||full	Other
5068_G_run562_hifi_trimmed_deduplicated	10_2016_F4	5516_AB_hifi_reads_s463.ctg000464l||full	13785	0.080739934711643	0.3926731955023576	0.200557	0.00060889	5516_AB_hifi_reads_s463.ctg000464l||full	Other
5068_H_run562_hifi_trimmed_deduplicated	11_2016_F4	5068_L_run562_hifi_trimmed_deduplicated_s301.ctg000314l||full	59196	0.7484458409351983	8.001047368065409	7.42229	0.0264323	5068_L_run562_hifi_trimmed_deduplicated_s301.ctg000314l||full	Other
5068_H_run562_hifi_trimmed_deduplicated	11_2016_F4	5068_N_run562_hifi_trimmed_deduplicated_s2170.ctg002244l||full	24185	0.1018399834608228	0.1018399834608228	0.0944734	0.000336439	5068_N_run562_hifi_trimmed_deduplicated_s2170.ctg002244l||full	Other
5068_H_run562_hifi_trimmed_deduplicated	11_2016_F4	5516.AD.hifi_reads_s2295.ctg002301l||full	26541	0.5632794544289966	1.2979541087374251	1.20407	0.00428792	5516.AD.hifi_reads_s2295.ctg002301l||full	Other
5068_H_run562_hifi_trimmed_deduplicated	11_2016_F4	5516.D.hifi_reads_s160.ctg000161l||full	26805	0.1780637940682708	1.485581048311882	1.37812	0.00490777	5516.D.hifi_reads_s160.ctg000161l||full	Other
5068_H_run562_hifi_trimmed_deduplicated	11_2016_F4	5516_AB_hifi_reads_s463.ctg000464l||full	13785	0.153645266594124	0.5038084874863983	0.467366	0.00166438	5516_AB_hifi_reads_s463.ctg000464l||full	Other
5068_J_run562_hifi_trimmed_deduplicated	5_2017_F4_1	4752_CF_run525_CCS_trimmed_deduplicated_s103.ctg000104l||full	29963	0.4312986016086507	0.5250141841604645	0.333862	0.00108005	4752_CF_run525_CCS_trimmed_deduplicated_s103.ctg000104l||full	Other
5068_J_run562_hifi_trimmed_deduplicated	5_2017_F4_1	5068_L_run562_hifi_trimmed_deduplicated_s301.ctg000314l||full	59196	0.75	42.19859449962836	26.8345	0.0868105	5068_L_run562_hifi_trimmed_deduplicated_s301.ctg000314l||full	Other
5068_J_run562_hifi_trimmed_deduplicated	5_2017_F4_1	5516.AD.hifi_reads_s2295.ctg002301l||full	26541	0.325948532459214	0.811838287931879	0.516256	0.00167011	5516.AD.hifi_reads_s2295.ctg002301l||full	Other
5068_J_run562_hifi_trimmed_deduplicated	5_2017_F4_1	5516.AF.hifi_reads_s4994.ctg005025l||full	10759	0.6514545961520587	0.7196765498652291	0.457649	0.00148051	5516.AF.hifi_reads_s4994.ctg005025l||full	Other
5068_J_run562_hifi_trimmed_deduplicated	5_2017_F4_1	5516.D.hifi_reads_s160.ctg000161l||full	26805	0.1608655101660138	0.5174780824473046	0.329069	0.00106455	5516.D.hifi_reads_s160.ctg000161l||full	Other
5068_J_run562_hifi_trimmed_deduplicated	5_2017_F4_1	5516_AB_hifi_reads_s100.ctg000101l||full	47011	0.2332220118695624	0.3332836995596775	0.211938	0.000685628	5516_AB_hifi_reads_s100.ctg000101l||full	Other
5068_J_run562_hifi_trimmed_deduplicated	5_2017_F4_1	5516_AB_hifi_reads_s463.ctg000464l||full	13785	0.0793616249546608	0.7925281102647805	0.503976	0.00163038	5516_AB_hifi_reads_s463.ctg000464l||full	Other
5068_K_run562_hifi_trimmed_deduplicated	6_2017_F4_1	5068_L_run562_hifi_trimmed_deduplicated_s301.ctg000314l||full	59196	0.75	43.54037434961822	29.372	0.0893869	5068_L_run562_hifi_trimmed_deduplicated_s301.ctg000314l||full	Other
5068_K_run562_hifi_trimmed_deduplicated	6_2017_F4_1	5516.AD.hifi_reads_s2295.ctg002301l||full	26541	0.0568554312196224	0.0568554312196224	0.0383542	0.000116722	5516.AD.hifi_reads_s2295.ctg002301l||full	Other
5068_K_run562_hifi_trimmed_deduplicated	6_2017_F4_1	5516.AF.hifi_reads_s4994.ctg005025l||full	10759	0.7382656380704526	0.9672832047588066	0.652521	0.0019858	5516.AF.hifi_reads_s4994.ctg005025l||full	Other
5068_K_run562_hifi_trimmed_deduplicated	6_2017_F4_1	5516.D.hifi_reads_s160.ctg000161l||full	26805	0.1184107442641298	0.2144749113971274	0.144683	0.00044031	5516.D.hifi_reads_s160.ctg000161l||full	Other
5068_K_run562_hifi_trimmed_deduplicated	6_2017_F4_1	5516_AB_hifi_reads_s100.ctg000101l||full	47011	0.1634511071876794	0.2898470570717492	0.195528	0.000595046	5516_AB_hifi_reads_s100.ctg000101l||full	Other
5068_K_run562_hifi_trimmed_deduplicated	6_2017_F4_1	5516_AB_hifi_reads_s463.ctg000464l||full	13785	0.1607544432354008	0.4283641639463185	0.288971	0.000879417	5516_AB_hifi_reads_s463.ctg000464l||full	Other
5068_L_run562_hifi_trimmed_deduplicated	7_2017_F4_1	5068_L_run562_hifi_trimmed_deduplicated_s301.ctg000314l||full	59196	0.9224271910264208	48.87031218325563	28.411	0.0904336	5068_L_run562_hifi_trimmed_deduplicated_s301.ctg000314l||full	Other
5068_L_run562_hifi_trimmed_deduplicated	7_2017_F4_1	5068_L_run562_hifi_trimmed_deduplicated_s3860.ctg004019l||full_1	25131	1.0	1.6786439059329117	0.975889	0.0031063	5068_L_run562_hifi_trimmed_deduplicated_s3860.ctg004019l||full_1	Maveriviricetes
5068_L_run562_hifi_trimmed_deduplicated	7_2017_F4_1	5516.AD.hifi_reads_s2295.ctg002301l||full	26541	0.361666855054444	0.361666855054444	0.210257	0.000669258	5516.AD.hifi_reads_s2295.ctg002301l||full	Other
5068_L_run562_hifi_trimmed_deduplicated	7_2017_F4_1	5516.AF.hifi_reads_s4994.ctg005025l||full	10759	0.9018496142764196	5.468723859094712	3.17927	0.0101198	5516.AF.hifi_reads_s4994.ctg005025l||full	Other
5068_L_run562_hifi_trimmed_deduplicated	7_2017_F4_1	5516.D.hifi_reads_s160.ctg000161l||full	26805	0.0480507368028352	0.0480507368028352	0.0279346	8.8917e-05	5516.D.hifi_reads_s160.ctg000161l||full	Other
5068_L_run562_hifi_trimmed_deduplicated	7_2017_F4_1	5516.K.hifi_reads_s557.ctg000566l||full	15539	0.8537872449964605	4.995366497200592	2.90408	0.00924383	5516.K.hifi_reads_s557.ctg000566l||full	Arfiviricetes
5068_L_run562_hifi_trimmed_deduplicated	7_2017_F4_1	5516_AB_hifi_reads_s221.ctg000222l||full	26835	0.5896031302403577	0.668828023104155	0.388827	0.00123765	5516_AB_hifi_reads_s221.ctg000222l||full	Other
5068_L_run562_hifi_trimmed_deduplicated	7_2017_F4_1	5516_AB_hifi_reads_s463.ctg000464l||full	13785	0.8507072905331883	1.918679724338049	1.11544	0.00355048	5516_AB_hifi_reads_s463.ctg000464l||full	Other
5068_M_run562_hifi_trimmed_deduplicated	7_2017_F4_3	5068_L_run562_hifi_trimmed_deduplicated_s301.ctg000314l||full	59196	0.7499831069666869	20.056034191499425	14.1139	0.0538996	5068_L_run562_hifi_trimmed_deduplicated_s301.ctg000314l||full	Other
5068_M_run562_hifi_trimmed_deduplicated	7_2017_F4_3	5516.AD.hifi_reads_s1227.ctg001231l||full	23888	0.0545043536503683	0.0545043536503683	0.0383559	0.000146478	5516.AD.hifi_reads_s1227.ctg001231l||full	Other
5068_M_run562_hifi_trimmed_deduplicated	7_2017_F4_3	5516.AD.hifi_reads_s2295.ctg002301l||full	26541	0.2415884857390452	0.2415884857390452	0.170011	0.000649257	5516.AD.hifi_reads_s2295.ctg002301l||full	Other
5068_M_run562_hifi_trimmed_deduplicated	7_2017_F4_3	5516.AF.hifi_reads_s4994.ctg005025l||full	10759	0.9973045822102424	8.804721628404128	6.19608	0.0236622	5516.AF.hifi_reads_s4994.ctg005025l||full	Other
5068_M_run562_hifi_trimmed_deduplicated	7_2017_F4_3	5516.D.hifi_reads_s160.ctg000161l||full	26805	0.0248461108002238	0.0248461108002238	0.0174848	6.67727e-05	5516.D.hifi_reads_s160.ctg000161l||full	Other
5068_M_run562_hifi_trimmed_deduplicated	7_2017_F4_3	5516.K.hifi_reads_s557.ctg000566l||full	15539	0.468369907973486	0.5690198854495141	0.400432	0.00152921	5516.K.hifi_reads_s557.ctg000566l||full	Arfiviricetes
5068_M_run562_hifi_trimmed_deduplicated	7_2017_F4_3	5516_AB_hifi_reads_s221.ctg000222l||full	26835	0.4615241289360909	0.74387926215763	0.523484	0.00199914	5516_AB_hifi_reads_s221.ctg000222l||full	Other
5068_M_run562_hifi_trimmed_deduplicated	7_2017_F4_3	5516_AB_hifi_reads_s463.ctg000464l||full	13785	0.8409865796155241	5.183895538628945	3.64802	0.0139315	5516_AB_hifi_reads_s463.ctg000464l||full	Other
5068_N_run562_hifi_trimmed_deduplicated	7_2017_F4_4	4752_CF_run525_CCS_trimmed_deduplicated_s103.ctg000104l||full	29963	0.4146113540032707	0.4146113540032707	0.187536	0.000687695	4752_CF_run525_CCS_trimmed_deduplicated_s103.ctg000104l||full	Other
5068_N_run562_hifi_trimmed_deduplicated	7_2017_F4_4	5068_L_run562_hifi_trimmed_deduplicated_s301.ctg000314l||full	59196	0.75	46.67094060409487	21.1101	0.0774107	5068_L_run562_hifi_trimmed_deduplicated_s301.ctg000314l||full	Other
5068_N_run562_hifi_trimmed_deduplicated	7_2017_F4_4	5068_N_run562_hifi_trimmed_deduplicated_s2170.ctg002244l||full	24185	1.0	1.6472606987802356	0.745085	0.00273223	5068_N_run562_hifi_trimmed_deduplicated_s2170.ctg002244l||full	Other
5068_N_run562_hifi_trimmed_deduplicated	7_2017_F4_4	5516.AD.hifi_reads_s2295.ctg002301l||full	26541	0.4064654685204024	0.6807203948607814	0.307902	0.00112908	5516.AD.hifi_reads_s2295.ctg002301l||full	Other
5068_N_run562_hifi_trimmed_deduplicated	7_2017_F4_4	5516.AF.hifi_reads_s4994.ctg005025l||full	10759	0.9227623385072962	9.412584812714936	4.25748	0.0156122	5516.AF.hifi_reads_s4994.ctg005025l||full	Other
5068_N_run562_hifi_trimmed_deduplicated	7_2017_F4_4	5516.K.hifi_reads_s557.ctg000566l||full	15539	0.9236759122208636	1.5206898770834674	0.687835	0.00252229	5516.K.hifi_reads_s557.ctg000566l||full	Arfiviricetes
5068_N_run562_hifi_trimmed_deduplicated	7_2017_F4_4	5516_AB_hifi_reads_s100.ctg000101l||full	47011	0.1580481163982897	0.1580481163982897	0.0714879	0.000262146	5516_AB_hifi_reads_s100.ctg000101l||full	Other
5068_N_run562_hifi_trimmed_deduplicated	7_2017_F4_4	5516_AB_hifi_reads_s463.ctg000464l||full	13785	0.6599202031193326	5.293725063474792	2.39444	0.00878044	5516_AB_hifi_reads_s463.ctg000464l||full	Other
5514_AA_hifi_reads	5_2019_F4_2	4752_CF_run525_CCS_trimmed_deduplicated_s103.ctg000104l||full	29963	0.1275573206955244	0.1275573206955244	0.594068	0.00187584	4752_CF_run525_CCS_trimmed_deduplicated_s103.ctg000104l||full	Other
5514_AA_hifi_reads	5_2019_F4_2	5068_L_run562_hifi_trimmed_deduplicated_s301.ctg000314l||full	59196	0.6439117507939726	3.671413609027637	17.0987	0.0539914	5068_L_run562_hifi_trimmed_deduplicated_s301.ctg000314l||full	Other
5514_AA_hifi_reads	5_2019_F4_2	5516.D.hifi_reads_s160.ctg000161l||full	26805	0.0480134303301622	0.0480134303301622	0.223611	0.00070608	5516.D.hifi_reads_s160.ctg000161l||full	Other
5514_AA_hifi_reads	5_2019_F4_2	5516_AB_hifi_reads_s100.ctg000101l||full	47011	0.0943608942587904	0.0943608942587904	0.439463	0.00138766	5516_AB_hifi_reads_s100.ctg000101l||full	Other
5514_AC_hifi_reads	7_2019_F4_2	5068_L_run562_hifi_trimmed_deduplicated_s301.ctg000314l||full	59196	0.6284884113791472	7.515389553348199	16.7131	0.0512646	5068_L_run562_hifi_trimmed_deduplicated_s301.ctg000314l||full	Other
5514_AC_hifi_reads	7_2019_F4_2	5516.AD.hifi_reads_s1227.ctg001231l||full	23888	0.2258456128600134	0.2258456128600134	0.502247	0.00154056	5516.AD.hifi_reads_s1227.ctg001231l||full	Other
5514_AC_hifi_reads	7_2019_F4_2	5516.AD.hifi_reads_s2295.ctg002301l||full	26541	0.2652499905806111	0.2688670359067103	0.59792	0.00183402	5516.AD.hifi_reads_s2295.ctg002301l||full	Other
5514_AC_hifi_reads	7_2019_F4_2	5516.AF.hifi_reads_s4994.ctg005025l||full	10759	0.7118691328190352	2.4635189143972487	5.47849	0.0168044	5516.AF.hifi_reads_s4994.ctg005025l||full	Other
5514_AC_hifi_reads	7_2019_F4_2	5516.D.hifi_reads_s160.ctg000161l||full	26805	0.1614997202014549	0.1614997202014549	0.359151	0.00110164	5516.D.hifi_reads_s160.ctg000161l||full	Other
5514_AC_hifi_reads	7_2019_F4_2	5516_AB_hifi_reads_s100.ctg000101l||full	47011	0.0996575269617749	0.0996575269617749	0.221623	0.000679792	5516_AB_hifi_reads_s100.ctg000101l||full	Other
5514_AC_hifi_reads	7_2019_F4_2	5516_AB_hifi_reads_s463.ctg000464l||full	13785	0.1654697134566558	0.7453028654334422	1.65744	0.00508392	5516_AB_hifi_reads_s463.ctg000464l||full	Other
5514_V_hifi_reads	1_2018_F4	4752_CF_run525_CCS_trimmed_deduplicated_s103.ctg000104l||full	29963	0.6373527350398825	1.04171811901345	1.82776	0.0070244	4752_CF_run525_CCS_trimmed_deduplicated_s103.ctg000104l||full	Other
5514_V_hifi_reads	1_2018_F4	5068_L_run562_hifi_trimmed_deduplicated_s301.ctg000314l||full	59196	0.6581018987769444	2.4187614027974864	4.24387	0.0163099	5068_L_run562_hifi_trimmed_deduplicated_s301.ctg000314l||full	Other
5514_V_hifi_reads	1_2018_F4	5516.AD.hifi_reads_s2295.ctg002301l||full	26541	0.6450020722655514	2.055536716777816	3.60657	0.0138607	5516.AD.hifi_reads_s2295.ctg002301l||full	Other
5514_V_hifi_reads	1_2018_F4	5516.D.hifi_reads_s160.ctg000161l||full	26805	0.5805260212646894	2.025480320835665	3.55383	0.013658	5516.D.hifi_reads_s160.ctg000161l||full	Other
5514_V_hifi_reads	1_2018_F4	5516_AB_hifi_reads_s463.ctg000464l||full	13785	0.0792890823358723	0.2863257163583605	0.502377	0.00193072	5516_AB_hifi_reads_s463.ctg000464l||full	Other
5514_W_hifi_reads	2_2018_F4_2	4752_CF_run525_CCS_trimmed_deduplicated_s103.ctg000104l||full	29963	0.8389013116176618	1.0020358442078563	2.02806	0.00723492	4752_CF_run525_CCS_trimmed_deduplicated_s103.ctg000104l||full	Other
5514_W_hifi_reads	2_2018_F4_2	5068_L_run562_hifi_trimmed_deduplicated_s301.ctg000314l||full	59196	0.6293161700114872	2.661852152172444	5.38742	0.0192191	5068_L_run562_hifi_trimmed_deduplicated_s301.ctg000314l||full	Other
5514_W_hifi_reads	2_2018_F4_2	5516.AD.hifi_reads_s2295.ctg002301l||full	26541	0.3093327304924456	0.4332542104668249	0.876878	0.00312819	5516.AD.hifi_reads_s2295.ctg002301l||full	Other
5514_W_hifi_reads	2_2018_F4_2	5516.D.hifi_reads_s160.ctg000161l||full	26805	0.4017160977429584	1.8198843499347137	3.68333	0.01314	5516.D.hifi_reads_s160.ctg000161l||full	Other
5514_W_hifi_reads	2_2018_F4_2	5516.H.hifi_reads_s1930.ctg002193l||full	20784	0.0966608929946112	0.0966608929946112	0.195635	0.000697913	5516.H.hifi_reads_s1930.ctg002193l||full	Other
5514_W_hifi_reads	2_2018_F4_2	5516_AB_hifi_reads_s100.ctg000101l||full	47011	0.0654953096083895	0.0654953096083895	0.132558	0.00047289	5516_AB_hifi_reads_s100.ctg000101l||full	Other
5514_W_hifi_reads	2_2018_F4_2	5516_AB_hifi_reads_s463.ctg000464l||full	13785	0.1347116430903155	0.1746826260428001	0.353546	0.00126125	5516_AB_hifi_reads_s463.ctg000464l||full	Other
5514_X_hifi_reads	3_2019_F4_1	5068_L_run562_hifi_trimmed_deduplicated_s301.ctg000314l||full	59196	0.0848537063315088	0.0848537063315088	1.5588	0.00543934	5068_L_run562_hifi_trimmed_deduplicated_s301.ctg000314l||full	Other
5514_X_hifi_reads	3_2019_F4_1	5516.AD.hifi_reads_s2295.ctg002301l||full	26541	0.1317960890697411	0.1317960890697411	2.42116	0.00844847	5516.AD.hifi_reads_s2295.ctg002301l||full	Other
5514_X_hifi_reads	3_2019_F4_1	5516.D.hifi_reads_s160.ctg000161l||full	26805	0.268233538518933	0.4096996828949822	7.52639	0.0262628	5516.D.hifi_reads_s160.ctg000161l||full	Other
5514_Y_hifi_reads	4_2019_F4_2	4752_CF_run525_CCS_trimmed_deduplicated_s103.ctg000104l||full	29963	0.5625604912725695	0.7569669258752462	5.19474	0.022069	4752_CF_run525_CCS_trimmed_deduplicated_s103.ctg000104l||full	Other
5514_Y_hifi_reads	4_2019_F4_2	5068_L_run562_hifi_trimmed_deduplicated_s301.ctg000314l||full	59196	0.3607000473004932	0.5524866545036827	3.79148	0.0161075	5068_L_run562_hifi_trimmed_deduplicated_s301.ctg000314l||full	Other
5514_Y_hifi_reads	4_2019_F4_2	5516.AD.hifi_reads_s2295.ctg002301l||full	26541	0.1317960890697411	0.1832259523002147	1.2574	0.00534186	5516.AD.hifi_reads_s2295.ctg002301l||full	Other
5514_Y_hifi_reads	4_2019_F4_2	5516.D.hifi_reads_s160.ctg000161l||full	26805	0.2272710315239694	0.5095318037679537	3.4967	0.0148552	5516.D.hifi_reads_s160.ctg000161l||full	Other
5514_Y_hifi_reads	4_2019_F4_2	5516_AB_hifi_reads_s463.ctg000464l||full	13785	0.0501269495828799	0.0501269495828799	0.344	0.00146143	5516_AB_hifi_reads_s463.ctg000464l||full	Other
5514_Z_hifi_reads	5_2019_F4_1	4752_CF_run525_CCS_trimmed_deduplicated_s103.ctg000104l||full	29963	0.852084237225912	1.1969762707339051	2.00365	0.00711216	4752_CF_run525_CCS_trimmed_deduplicated_s103.ctg000104l||full	Other
5514_Z_hifi_reads	5_2019_F4_1	5068_L_run562_hifi_trimmed_deduplicated_s301.ctg000314l||full	59196	0.5808331644030003	3.997330900736536	6.69125	0.0237512	5068_L_run562_hifi_trimmed_deduplicated_s301.ctg000314l||full	Other
5514_Z_hifi_reads	5_2019_F4_1	5516.AD.hifi_reads_s2295.ctg002301l||full	26541	0.1470178214837421	0.1470178214837421	0.246097	0.000873546	5516.AD.hifi_reads_s2295.ctg002301l||full	Other
5514_Z_hifi_reads	5_2019_F4_1	5516.AF.hifi_reads_s4994.ctg005025l||full	10759	0.5021842178641137	0.5021842178641137	0.840621	0.00298386	5516.AF.hifi_reads_s4994.ctg005025l||full	Other
5514_Z_hifi_reads	5_2019_F4_1	5516.D.hifi_reads_s160.ctg000161l||full	26805	0.251109867562022	0.9697071441895168	1.62322	0.00576178	5516.D.hifi_reads_s160.ctg000161l||full	Other
5514_Z_hifi_reads	5_2019_F4_1	5516.K.hifi_reads_s557.ctg000566l||full	15539	0.2518180063067121	0.2518180063067121	0.421525	0.00149624	5516.K.hifi_reads_s557.ctg000566l||full	Arfiviricetes
5514_Z_hifi_reads	5_2019_F4_1	5516_AB_hifi_reads_s463.ctg000464l||full	13785	0.1600290170475154	0.9076532462821908	1.51935	0.00539307	5516_AB_hifi_reads_s463.ctg000464l||full	Other
5516.A.hifi_reads	10_2019_F4_1	5068_L_run562_hifi_trimmed_deduplicated_s301.ctg000314l||full	59196	0.6710757483613757	2.3563923238056623	2.28976	0.00879579	5068_L_run562_hifi_trimmed_deduplicated_s301.ctg000314l||full	Other
5516.A.hifi_reads	10_2019_F4_1	5516.AD.hifi_reads_s2295.ctg002301l||full	26541	0.3121962247089409	0.3121962247089409	0.303369	0.00116535	5516.AD.hifi_reads_s2295.ctg002301l||full	Other
5516.A.hifi_reads	10_2019_F4_1	5516.AF.hifi_reads_s4994.ctg005025l||full	10759	0.5572079189515754	1.567060135700344	1.52275	0.00584942	5516.AF.hifi_reads_s4994.ctg005025l||full	Other
5516.A.hifi_reads	10_2019_F4_1	5516.D.hifi_reads_s160.ctg000161l||full	26805	0.1358328670024249	0.3550830069016974	0.345043	0.00132543	5516.D.hifi_reads_s160.ctg000161l||full	Other
5516.A.hifi_reads	10_2019_F4_1	5516_AB_hifi_reads_s463.ctg000464l||full	13785	0.080739934711643	0.978962640551324	0.951281	0.00365421	5516_AB_hifi_reads_s463.ctg000464l||full	Other
5516.AD.hifi_reads	7_2019_F4_3	4752_CF_run525_CCS_trimmed_deduplicated_s103.ctg000104l||full	29963	0.2919267096085172	0.2919267096085172	0.247111	0.000820249	4752_CF_run525_CCS_trimmed_deduplicated_s103.ctg000104l||full	Other
5516.AD.hifi_reads	7_2019_F4_3	5068_L_run562_hifi_trimmed_deduplicated_s301.ctg000314l||full	59196	0.75	19.136090276370027	16.1984	0.0537682	5068_L_run562_hifi_trimmed_deduplicated_s301.ctg000314l||full	Other
5516.AD.hifi_reads	7_2019_F4_3	5516.AD.hifi_reads_s1227.ctg001231l||full	23888	1.0	2.0228985264567982	1.71235	0.0056839	5516.AD.hifi_reads_s1227.ctg001231l||full	Other
5516.AD.hifi_reads	7_2019_F4_3	5516.AD.hifi_reads_s2295.ctg002301l||full	26541	0.9995101917787574	7.127350137523077	6.03319	0.0200263	5516.AD.hifi_reads_s2295.ctg002301l||full	Other
5516.AD.hifi_reads	7_2019_F4_3	5516.AD.hifi_reads_s415.ctg000417l||full	16058	1.0	1.7550130775937227	1.48559	0.0049312	5516.AD.hifi_reads_s415.ctg000417l||full	Other
5516.AD.hifi_reads	7_2019_F4_3	5516.AF.hifi_reads_s4994.ctg005025l||full	10759	0.8673668556557301	3.0124546890975	2.55	0.00846433	5516.AF.hifi_reads_s4994.ctg005025l||full	Other
5516.AD.hifi_reads	7_2019_F4_3	5516.D.hifi_reads_s160.ctg000161l||full	26805	0.3173661630292856	1.6136168625256482	1.3659	0.00453391	5516.D.hifi_reads_s160.ctg000161l||full	Other
5516.AD.hifi_reads	7_2019_F4_3	5516_AB_hifi_reads_s100.ctg000101l||full	47011	0.1408819212524728	0.1408819212524728	0.119254	0.000395847	5516_AB_hifi_reads_s100.ctg000101l||full	Other
5516.AD.hifi_reads	7_2019_F4_3	5516_AB_hifi_reads_s463.ctg000464l||full	13785	0.173449401523395	0.869133115705477	0.735708	0.00244207	5516_AB_hifi_reads_s463.ctg000464l||full	Other
5516.AE.hifi_reads	7_2019_F4_4	5068_L_run562_hifi_trimmed_deduplicated_s301.ctg000314l||full	59196	0.8087201837962025	27.258362051489964	19.1488	0.0724764	5068_L_run562_hifi_trimmed_deduplicated_s301.ctg000314l||full	Other
5516.AE.hifi_reads	7_2019_F4_4	5516.AD.hifi_reads_s1227.ctg001231l||full	23888	0.5870730073677161	0.5870730073677161	0.412415	0.00156095	5516.AD.hifi_reads_s1227.ctg001231l||full	Other
5516.AE.hifi_reads	7_2019_F4_4	5516.AD.hifi_reads_s2295.ctg002301l||full	26541	0.3259108549037338	0.9820654835914244	0.689895	0.00261118	5516.AD.hifi_reads_s2295.ctg002301l||full	Other
5516.AE.hifi_reads	7_2019_F4_4	5516.AF.hifi_reads_s4994.ctg005025l||full	10759	0.9973975276512688	13.326610279765776	9.36187	0.0354337	5516.AF.hifi_reads_s4994.ctg005025l||full	Other
5516.AE.hifi_reads	7_2019_F4_4	5516.D.hifi_reads_s160.ctg000161l||full	26805	0.0592799850774109	0.1476963253124417	0.103756	0.000392705	5516.D.hifi_reads_s160.ctg000161l||full	Other
5516.AE.hifi_reads	7_2019_F4_4	5516_AB_hifi_reads_s100.ctg000101l||full	47011	0.1241411584522771	0.1241411584522771	0.0872084	0.000330075	5516_AB_hifi_reads_s100.ctg000101l||full	Other
5516.AE.hifi_reads	7_2019_F4_4	5516_AB_hifi_reads_s463.ctg000464l||full	13785	0.999709829524846	9.791439970982951	6.87843	0.0260341	5516_AB_hifi_reads_s463.ctg000464l||full	Other
5516.AF.hifi_reads	9_2019_F4_1	4752_CF_run525_CCS_trimmed_deduplicated_s103.ctg000104l||full	29963	0.2439675599906551	0.2439675599906551	0.166105	0.000601943	4752_CF_run525_CCS_trimmed_deduplicated_s103.ctg000104l||full	Other
5516.AF.hifi_reads	9_2019_F4_1	5068_L_run562_hifi_trimmed_deduplicated_s301.ctg000314l||full	59196	0.4419893236029461	1.7430400702750186	1.18675	0.00430062	5068_L_run562_hifi_trimmed_deduplicated_s301.ctg000314l||full	Other
5516.AF.hifi_reads	9_2019_F4_1	5516.AD.hifi_reads_s2295.ctg002301l||full	26541	0.2486718661693229	0.6355073282845409	0.432684	0.00156799	5516.AD.hifi_reads_s2295.ctg002301l||full	Other
5516.AF.hifi_reads	9_2019_F4_1	5516.AF.hifi_reads_s4994.ctg005025l||full	10759	0.999907054558974	4.674690956408588	3.18275	0.0115339	5516.AF.hifi_reads_s4994.ctg005025l||full	Other
5516.AF.hifi_reads	9_2019_F4_1	5516.D.hifi_reads_s160.ctg000161l||full	26805	0.1648946092146987	0.2746875582913635	0.187021	0.000677739	5516.D.hifi_reads_s160.ctg000161l||full	Other
5516.AF.hifi_reads	9_2019_F4_1	5516_AB_hifi_reads_s463.ctg000464l||full	13785	0.6102285092491839	3.79405150525934	2.58317	0.00936109	5516_AB_hifi_reads_s463.ctg000464l||full	Other
5516.AG.hifi_reads	6_2020_F4_2	5068_L_run562_hifi_trimmed_deduplicated_s301.ctg000314l||full	59196	0.5784005676059193	2.102726535576728	1.90126	0.00524109	5068_L_run562_hifi_trimmed_deduplicated_s301.ctg000314l||full	Other
5516.AG.hifi_reads	6_2020_F4_2	5516.AF.hifi_reads_s4994.ctg005025l||full	10759	0.3156427177246956	0.8359512965889023	0.755856	0.00208363	5516.AF.hifi_reads_s4994.ctg005025l||full	Other
5516.AG.hifi_reads	6_2020_F4_2	5516.K.hifi_reads_s557.ctg000566l||full	15539	0.4783448098333226	0.655705000321771	0.59288	0.00163436	5516.K.hifi_reads_s557.ctg000566l||full	Arfiviricetes
5516.AG.hifi_reads	6_2020_F4_2	5516_AB_hifi_reads_s100.ctg000101l||full	47011	0.2329880240794707	0.4613813788262321	0.417175	0.00115	5516_AB_hifi_reads_s100.ctg000101l||full	Other
5516.AG.hifi_reads	6_2020_F4_2	5516_AB_hifi_reads_s463.ctg000464l||full	13785	0.0705114254624592	0.0705114254624592	0.0637555	0.000175751	5516_AB_hifi_reads_s463.ctg000464l||full	Other
5516.AH.hifi_reads	7_2020_F4_1	5068_L_run562_hifi_trimmed_deduplicated_s301.ctg000314l||full	59196	0.5604770592607609	1.923322521792013	1.16901	0.00357097	5068_L_run562_hifi_trimmed_deduplicated_s301.ctg000314l||full	Other
5516.AH.hifi_reads	7_2020_F4_1	5068_L_run562_hifi_trimmed_deduplicated_s3860.ctg004019l||full_1	25131	0.1479049779157216	0.2247821415781306	0.136624	0.000417345	5068_L_run562_hifi_trimmed_deduplicated_s3860.ctg004019l||full_1	Maveriviricetes
5516.AH.hifi_reads	7_2020_F4_1	5516.AF.hifi_reads_s4994.ctg005025l||full	10759	0.5548842829259225	3.111441583790315	1.89115	0.00577691	5516.AF.hifi_reads_s4994.ctg005025l||full	Other
5516.AH.hifi_reads	7_2020_F4_1	5516.H.hifi_reads_s1930.ctg002193l||full	20784	0.2690531177829099	0.2690531177829099	0.163532	0.000499542	5516.H.hifi_reads_s1930.ctg002193l||full	Other
5516.AH.hifi_reads	7_2020_F4_1	5516_AB_hifi_reads_s100.ctg000101l||full	47011	0.2100784922677671	0.2827848801344366	0.171878	0.000525037	5516_AB_hifi_reads_s100.ctg000101l||full	Other
5516.AH.hifi_reads	7_2020_F4_1	5516_AB_hifi_reads_s463.ctg000464l||full	13785	0.726151614073268	2.221254987305042	1.35009	0.00412413	5516_AB_hifi_reads_s463.ctg000464l||full	Other
5516.AI.hifi_reads	7_2020_F4_2	5068_L_run562_hifi_trimmed_deduplicated_s301.ctg000314l||full	59196	0.0814919927022096	0.1240793296844381	0.980271	0.00360696	5068_L_run562_hifi_trimmed_deduplicated_s301.ctg000314l||full	Other
5516.AI.hifi_reads	7_2020_F4_2	5516.AF.hifi_reads_s4994.ctg005025l||full	10759	0.9884747653127616	2.940700808625337	23.2326	0.0854855	5516.AF.hifi_reads_s4994.ctg005025l||full	Other
5516.AI.hifi_reads	7_2020_F4_2	5516_AB_hifi_reads_s463.ctg000464l||full	13785	0.2864708015959376	0.3354370692782009	2.65007	0.00975108	5516_AB_hifi_reads_s463.ctg000464l||full	Other
5516.B.hifi_reads	12_2019_F4_1	4752_CF_run525_CCS_trimmed_deduplicated_s103.ctg000104l||full	29963	0.196442278810533	0.196442278810533	0.0951753	0.000357623	4752_CF_run525_CCS_trimmed_deduplicated_s103.ctg000104l||full	Other
5516.B.hifi_reads	12_2019_F4_1	5068_L_run562_hifi_trimmed_deduplicated_s301.ctg000314l||full	59196	0.6573417122778566	2.989205351712953	1.44825	0.00544184	5068_L_run562_hifi_trimmed_deduplicated_s301.ctg000314l||full	Other
5516.B.hifi_reads	12_2019_F4_1	5516.AD.hifi_reads_s2295.ctg002301l||full	26541	0.8075807241626163	3.159413737236728	1.53072	0.00575171	5516.AD.hifi_reads_s2295.ctg002301l||full	Other
5516.B.hifi_reads	12_2019_F4_1	5516.D.hifi_reads_s160.ctg000161l||full	26805	0.8617795187465025	4.424622271964186	2.14371	0.00805502	5516.D.hifi_reads_s160.ctg000161l||full	Other
5516.B.hifi_reads	12_2019_F4_1	5516.H.hifi_reads_s1930.ctg002193l||full	20784	0.5215069284064665	0.5215069284064665	0.252667	0.000949403	5516.H.hifi_reads_s1930.ctg002193l||full	Other
5516.B.hifi_reads	12_2019_F4_1	5516_AB_hifi_reads_s463.ctg000464l||full	13785	0.5717809212912586	0.6217627856365615	0.301241	0.00113192	5516_AB_hifi_reads_s463.ctg000464l||full	Other
5516.C.hifi_reads	1_2020_F4_1	5068_L_run562_hifi_trimmed_deduplicated_s301.ctg000314l||full	59196	0.5256774106358538	1.57338333671194	1.5228	0.00520127	5068_L_run562_hifi_trimmed_deduplicated_s301.ctg000314l||full	Other
5516.C.hifi_reads	1_2020_F4_1	5516.AD.hifi_reads_s2295.ctg002301l||full	26541	0.9686522738404733	2.8276628612335637	2.73675	0.00934765	5516.AD.hifi_reads_s2295.ctg002301l||full	Other
5516.C.hifi_reads	1_2020_F4_1	5516.AF.hifi_reads_s4994.ctg005025l||full	10759	0.0961055860210056	0.0961055860210056	0.0930156	0.000317704	5516.AF.hifi_reads_s4994.ctg005025l||full	Other
5516.C.hifi_reads	1_2020_F4_1	5516.D.hifi_reads_s160.ctg000161l||full	26805	0.6267487409065473	4.396791643350121	4.25543	0.0145348	5516.D.hifi_reads_s160.ctg000161l||full	Other
5516.C.hifi_reads	1_2020_F4_1	5516_AB_hifi_reads_s463.ctg000464l||full	13785	0.0803046789989118	0.386652158142909	0.374221	0.00127819	5516_AB_hifi_reads_s463.ctg000464l||full	Other
5516.D.hifi_reads	2_2020_F4_2	4752_CF_run525_CCS_trimmed_deduplicated_s103.ctg000104l||full	29963	0.1474818943363481	0.1474818943363481	0.100364	0.000359186	4752_CF_run525_CCS_trimmed_deduplicated_s103.ctg000104l||full	Other
5516.D.hifi_reads	2_2020_F4_2	5068_L_run562_hifi_trimmed_deduplicated_s301.ctg000314l||full	59196	0.6968207311304818	2.5920839245894998	1.76397	0.00631292	5068_L_run562_hifi_trimmed_deduplicated_s301.ctg000314l||full	Other
5516.D.hifi_reads	2_2020_F4_2	5516.AD.hifi_reads_s2295.ctg002301l||full	26541	0.7467691496175728	2.9331976941336046	1.9961	0.00714369	5516.AD.hifi_reads_s2295.ctg002301l||full	Other
5516.D.hifi_reads	2_2020_F4_2	5516.AF.hifi_reads_s4994.ctg005025l||full	10759	0.2527186541500139	0.2527186541500139	0.17198	0.000615486	5516.AF.hifi_reads_s4994.ctg005025l||full	Other
5516.D.hifi_reads	2_2020_F4_2	5516.D.hifi_reads_s160.ctg000161l||full	26805	0.999888080581981	7.192426786047379	4.89459	0.0175169	5516.D.hifi_reads_s160.ctg000161l||full	Other
5516.D.hifi_reads	2_2020_F4_2	5516.H.hifi_reads_s1930.ctg002193l||full	20784	0.4285026943802925	0.5649538106235565	0.384462	0.00137592	5516.H.hifi_reads_s1930.ctg002193l||full	Other
5516.E.hifi_reads	4_2020_F4_1	4752_CF_run525_CCS_trimmed_deduplicated_s103.ctg000104l||full	29963	0.5811500851049628	1.0126155591896673	0.778412	0.00294879	4752_CF_run525_CCS_trimmed_deduplicated_s103.ctg000104l||full	Other
5516.E.hifi_reads	4_2020_F4_1	5068_L_run562_hifi_trimmed_deduplicated_s301.ctg000314l||full	59196	0.7364348942496115	5.246520035137509	4.03307	0.0152782	5068_L_run562_hifi_trimmed_deduplicated_s301.ctg000314l||full	Other
5516.E.hifi_reads	4_2020_F4_1	5516.AD.hifi_reads_s2295.ctg002301l||full	26541	0.5189706491842809	2.5087223540936665	1.92849	0.00730554	5516.AD.hifi_reads_s2295.ctg002301l||full	Other
5516.E.hifi_reads	4_2020_F4_1	5516.AF.hifi_reads_s4994.ctg005025l||full	10759	0.1515940143135979	0.1515940143135979	0.116532	0.00044145	5516.AF.hifi_reads_s4994.ctg005025l||full	Other
5516.E.hifi_reads	4_2020_F4_1	5516.D.hifi_reads_s160.ctg000161l||full	26805	0.8605110986756203	5.353702667412796	4.11547	0.0155903	5516.D.hifi_reads_s160.ctg000161l||full	Other
5516.E.hifi_reads	4_2020_F4_1	5516.H.hifi_reads_s1930.ctg002193l||full	20784	0.8645592763664357	2.141984218629715	1.64657	0.00623758	5516.H.hifi_reads_s1930.ctg002193l||full	Other
5516.E.hifi_reads	4_2020_F4_1	5516_AB_hifi_reads_s100.ctg000101l||full	47011	0.1400948714130735	0.1400948714130735	0.107693	0.000407964	5516_AB_hifi_reads_s100.ctg000101l||full	Other
5516.E.hifi_reads	4_2020_F4_1	5516_AB_hifi_reads_s463.ctg000464l||full	13785	0.0792890823358723	0.4185709104098657	0.321761	0.0012189	5516_AB_hifi_reads_s463.ctg000464l||full	Other
5516.F.hifi_reads	4_2020_F4_2	5068_L_run562_hifi_trimmed_deduplicated_s301.ctg000314l||full	59196	0.6414284748969525	4.337725521994729	3.10054	0.0104953	5068_L_run562_hifi_trimmed_deduplicated_s301.ctg000314l||full	Other
5516.F.hifi_reads	4_2020_F4_2	5516.AD.hifi_reads_s2295.ctg002301l||full	26541	0.4098564485136204	0.7199427301156701	0.514604	0.00174194	5516.AD.hifi_reads_s2295.ctg002301l||full	Other
5516.F.hifi_reads	4_2020_F4_2	5516.AF.hifi_reads_s4994.ctg005025l||full	10759	0.097220931313319	0.097220931313319	0.069492	0.000235231	5516.AF.hifi_reads_s4994.ctg005025l||full	Other
5516.F.hifi_reads	4_2020_F4_2	5516.D.hifi_reads_s160.ctg000161l||full	26805	0.238574892743891	1.2815146427905242	0.916007	0.00310069	5516.D.hifi_reads_s160.ctg000161l||full	Other
5516.F.hifi_reads	4_2020_F4_2	5516.H.hifi_reads_s1930.ctg002193l||full	20784	0.2782909930715935	0.2782909930715935	0.198918	0.000673339	5516.H.hifi_reads_s1930.ctg002193l||full	Other
5516.F.hifi_reads	4_2020_F4_2	5516_AB_hifi_reads_s463.ctg000464l||full	13785	0.1641639463184621	0.627493652520856	0.448523	0.00151825	5516_AB_hifi_reads_s463.ctg000464l||full	Other
5516.G.hifi_reads	10_2019_F4_2	5068_L_run562_hifi_trimmed_deduplicated_s301.ctg000314l||full	59196	0.385262517737685	0.9744915196972768	0.920721	0.00324939	5068_L_run562_hifi_trimmed_deduplicated_s301.ctg000314l||full	Other
5516.G.hifi_reads	10_2019_F4_2	5516.AD.hifi_reads_s2295.ctg002301l||full	26541	0.1748992125390904	0.1748992125390904	0.165249	0.000583192	5516.AD.hifi_reads_s2295.ctg002301l||full	Other
5516.G.hifi_reads	10_2019_F4_2	5516.D.hifi_reads_s160.ctg000161l||full	26805	0.0993471367282223	0.276702107815706	0.261434	0.000922648	5516.D.hifi_reads_s160.ctg000161l||full	Other
5516.G.hifi_reads	10_2019_F4_2	5516_AB_hifi_reads_s463.ctg000464l||full	13785	0.0802321363801233	0.1428364163946318	0.134955	0.00047628	5516_AB_hifi_reads_s463.ctg000464l||full	Other
5516.H.hifi_reads	5_2020_F4_1	5068_L_run562_hifi_trimmed_deduplicated_s301.ctg000314l||full	59196	0.5274680721670383	1.9339651327792415	1.73563	0.00513533	5068_L_run562_hifi_trimmed_deduplicated_s301.ctg000314l||full	Other
5516.H.hifi_reads	5_2020_F4_1	5516.AD.hifi_reads_s2295.ctg002301l||full	26541	0.0473230096831317	0.0473230096831317	0.0424699	0.000125659	5516.AD.hifi_reads_s2295.ctg002301l||full	Other
5516.H.hifi_reads	5_2020_F4_1	5516.AF.hifi_reads_s4994.ctg005025l||full	10759	0.1182266009852216	0.8892090342968677	0.798019	0.00236115	5516.AF.hifi_reads_s4994.ctg005025l||full	Other
5516.H.hifi_reads	5_2020_F4_1	5516.D.hifi_reads_s160.ctg000161l||full	26805	0.1094198843499347	0.1590001865323633	0.142694	0.000422199	5516.D.hifi_reads_s160.ctg000161l||full	Other
5516.H.hifi_reads	5_2020_F4_1	5516.H.hifi_reads_s1930.ctg002193l||full	20784	0.9999518860662048	1.9764241724403384	1.77374	0.00524807	5516.H.hifi_reads_s1930.ctg002193l||full	Other
5516.H.hifi_reads	5_2020_F4_1	5516_AB_hifi_reads_s463.ctg000464l||full	13785	0.532752992383025	0.6895175915850562	0.618806	0.0018309	5516_AB_hifi_reads_s463.ctg000464l||full	Other
5516.I.hifi_reads	6_2018_F4_3	5068_L_run562_hifi_trimmed_deduplicated_s301.ctg000314l||full	59196	0.977785661193324	7.882829920940604	12.6691	0.0458304	5068_L_run562_hifi_trimmed_deduplicated_s301.ctg000314l||full	Other
5516.I.hifi_reads	6_2018_F4_3	5516.AF.hifi_reads_s4994.ctg005025l||full	10759	0.7121479691421135	0.9823403662050376	1.57879	0.00571128	5516.AF.hifi_reads_s4994.ctg005025l||full	Other
5516.I.hifi_reads	6_2018_F4_3	5516.J.hifi_reads_s789.ctg000792l||full	18440	0.4597071583514099	0.4597071583514099	0.738828	0.00267272	5516.J.hifi_reads_s789.ctg000792l||full	Other
5516.I.hifi_reads	6_2018_F4_3	5516.K.hifi_reads_s557.ctg000566l||full	15539	0.0575970139648626	0.0575970139648626	0.0925682	0.000334866	5516.K.hifi_reads_s557.ctg000566l||full	Arfiviricetes
5516.I.hifi_reads	6_2018_F4_3	5516_AB_hifi_reads_s100.ctg000101l||full	47011	0.2071642807002616	0.5339814086064963	0.858199	0.00310454	5516_AB_hifi_reads_s100.ctg000101l||full	Other
5516.I.hifi_reads	6_2018_F4_3	5516_AB_hifi_reads_s463.ctg000464l||full	13785	0.0801595937613347	0.1302140007254262	0.209276	0.000757058	5516_AB_hifi_reads_s463.ctg000464l||full	Other
5516.I.hifi_reads	6_2018_F4_3	5516_R_hifi_reads_s1287.ctg001288l||full_1	29380	0.286147038801906	0.286147038801906	0.459887	0.00166365	5516_R_hifi_reads_s1287.ctg001288l||full_1	Other
5516.J.hifi_reads	7_2018_F4_1	5068_L_run562_hifi_trimmed_deduplicated_s301.ctg000314l||full	59196	0.8770187174809109	7.131613622542064	8.7251	0.0380759	5068_L_run562_hifi_trimmed_deduplicated_s301.ctg000314l||full	Other
5516.J.hifi_reads	7_2018_F4_1	5516.AF.hifi_reads_s4994.ctg005025l||full	10759	0.9973975276512688	4.967933822845989	6.07797	0.0265239	5516.AF.hifi_reads_s4994.ctg005025l||full	Other
5516.J.hifi_reads	7_2018_F4_1	5516.J.hifi_reads_s789.ctg000792l||full	18440	0.9841648590021692	1.168763557483731	1.42991	0.00624006	5516.J.hifi_reads_s789.ctg000792l||full	Other
5516.J.hifi_reads	7_2018_F4_1	5516.K.hifi_reads_s557.ctg000566l||full	15539	0.9863569084239656	23.61805779007658	28.8953	0.126097	5516.K.hifi_reads_s557.ctg000566l||full	Arfiviricetes
5516.J.hifi_reads	7_2018_F4_1	5516_AB_hifi_reads_s100.ctg000101l||full	47011	0.0879155942226287	0.0879155942226287	0.107559	0.000469384	5516_AB_hifi_reads_s100.ctg000101l||full	Other
5516.J.hifi_reads	7_2018_F4_1	5516_AB_hifi_reads_s221.ctg000222l||full	26835	0.1488354760573877	0.1488354760573877	0.182091	0.000794637	5516_AB_hifi_reads_s221.ctg000222l||full	Other
5516.J.hifi_reads	7_2018_F4_1	5516_AB_hifi_reads_s463.ctg000464l||full	13785	0.1651795429815016	0.9429089590134204	1.15359	0.00503422	5516_AB_hifi_reads_s463.ctg000464l||full	Other
5516.J.hifi_reads	7_2018_F4_1	5516_R_hifi_reads_s1287.ctg001288l||full_1	29380	0.6260040844111641	1.4632402995234854	1.79019	0.00781228	5516_R_hifi_reads_s1287.ctg001288l||full_1	Other
5516.K.hifi_reads	7_2018_F4_2	4752_CF_run525_CCS_trimmed_deduplicated_s103.ctg000104l||full	29963	0.2252444681774188	0.2252444681774188	0.468877	0.00366848	4752_CF_run525_CCS_trimmed_deduplicated_s103.ctg000104l||full	Other
5516.K.hifi_reads	7_2018_F4_2	5068_L_run562_hifi_trimmed_deduplicated_s301.ctg000314l||full	59196	0.7519933779309412	3.0085647678897223	6.26274	0.0489994	5068_L_run562_hifi_trimmed_deduplicated_s301.ctg000314l||full	Other
5516.K.hifi_reads	7_2018_F4_2	5068_L_run562_hifi_trimmed_deduplicated_s3860.ctg004019l||full_1	25131	0.1773904739166766	0.1773904739166766	0.369262	0.0028891	5068_L_run562_hifi_trimmed_deduplicated_s3860.ctg004019l||full_1	Maveriviricetes
5516.K.hifi_reads	7_2018_F4_2	5516.K.hifi_reads_s557.ctg000566l||full	15539	1.0	8.374991955724306	17.4337	0.136401	5516.K.hifi_reads_s557.ctg000566l||full	Arfiviricetes
5516.K.hifi_reads	7_2018_F4_2	5516_AB_hifi_reads_s100.ctg000101l||full	47011	0.1948480142945268	0.2241815745251111	0.466664	0.00365117	5516_AB_hifi_reads_s100.ctg000101l||full	Other
5516.K.hifi_reads	7_2018_F4_2	5516_AB_hifi_reads_s221.ctg000222l||full	26835	0.353195453698528	0.4974846282839575	1.03558	0.00810236	5516_AB_hifi_reads_s221.ctg000222l||full	Other
5516.K.hifi_reads	7_2018_F4_2	5516_AB_hifi_reads_s463.ctg000464l||full	13785	0.3205658324265506	0.4451940515052593	0.926732	0.00725072	5516_AB_hifi_reads_s463.ctg000464l||full	Other
5516.L.hifi_reads	8_2018_F4_1	5068_L_run562_hifi_trimmed_deduplicated_s301.ctg000314l||full	59196	0.613098858030948	5.934201635245625	6.31254	0.0188687	5068_L_run562_hifi_trimmed_deduplicated_s301.ctg000314l||full	Other
5516.L.hifi_reads	8_2018_F4_1	5516.AF.hifi_reads_s4994.ctg005025l||full	10759	0.981132075471698	3.832512315270936	4.07686	0.012186	5516.AF.hifi_reads_s4994.ctg005025l||full	Other
5516.L.hifi_reads	8_2018_F4_1	5516_AB_hifi_reads_s100.ctg000101l||full	47011	0.1331390525621663	0.1331390525621663	0.141627	0.000423336	5516_AB_hifi_reads_s100.ctg000101l||full	Other
5516.L.hifi_reads	8_2018_F4_1	5516_AB_hifi_reads_s463.ctg000464l||full	13785	0.8919840406238665	4.036488937250635	4.29384	0.0128346	5516_AB_hifi_reads_s463.ctg000464l||full	Other
5516.N.hifi_reads	8_2017_F4_1	5068_L_run562_hifi_trimmed_deduplicated_s301.ctg000314l||full	59196	0.725893641462261	3.320629772281911	3.37193	0.0139405	5068_L_run562_hifi_trimmed_deduplicated_s301.ctg000314l||full	Other
5516.N.hifi_reads	8_2017_F4_1	5516.AF.hifi_reads_s4994.ctg005025l||full	10759	0.7579700715679896	6.168881866344456	6.26419	0.0258979	5516.AF.hifi_reads_s4994.ctg005025l||full	Other
5516.N.hifi_reads	8_2017_F4_1	5516.H.hifi_reads_s1930.ctg002193l||full	20784	0.3752405696689761	0.3752405696689761	0.381038	0.00157532	5516.H.hifi_reads_s1930.ctg002193l||full	Other
5516.N.hifi_reads	8_2017_F4_1	5516_AB_hifi_reads_s463.ctg000464l||full	13785	0.92208922742111	3.6449764236488935	3.70129	0.0153022	5516_AB_hifi_reads_s463.ctg000464l||full	Other
5516.Q.hifi_reads	5_2018_F4_2	4752_CF_run525_CCS_trimmed_deduplicated_s103.ctg000104l||full	29963	0.1675399659580148	0.1675399659580148	0.214726	0.000637034	4752_CF_run525_CCS_trimmed_deduplicated_s103.ctg000104l||full	Other
5516.Q.hifi_reads	5_2018_F4_2	5068_L_run562_hifi_trimmed_deduplicated_s301.ctg000314l||full	59196	0.6828501925805798	7.342844111088587	9.41088	0.0279196	5068_L_run562_hifi_trimmed_deduplicated_s301.ctg000314l||full	Other
5516.Q.hifi_reads	5_2018_F4_2	5516_AB_hifi_reads_s463.ctg000464l||full	13785	0.0792890823358723	0.2290895901342038	0.29361	0.000871063	5516_AB_hifi_reads_s463.ctg000464l||full	Other
5516.S.hifi_reads	8_2019_F4_2	5068_L_run562_hifi_trimmed_deduplicated_s301.ctg000314l||full	59196	0.6496215960537874	1.8027738360700047	2.24981	0.047193	5068_L_run562_hifi_trimmed_deduplicated_s301.ctg000314l||full	Other
5516.S.hifi_reads	8_2019_F4_2	5516.AF.hifi_reads_s4994.ctg005025l||full	10759	0.7810205409424668	3.212473278185705	4.00907	0.0840962	5516.AF.hifi_reads_s4994.ctg005025l||full	Other
5516.S.hifi_reads	8_2019_F4_2	5516.K.hifi_reads_s557.ctg000566l||full	15539	0.5047943883132763	0.5673466761052834	0.708031	0.014852	5516.K.hifi_reads_s557.ctg000566l||full	Arfiviricetes
5516.S.hifi_reads	8_2019_F4_2	5516.S.hifi_reads_s198.ctg000203l||full	23275	0.9990118152524168	2.8407733619763693	3.5452	0.0743658	5516.S.hifi_reads_s198.ctg000203l||full	Other
5516.S.hifi_reads	8_2019_F4_2	5516_AB_hifi_reads_s463.ctg000464l||full	13785	0.4319187522669568	1.2819731592310482	1.59986	0.0335595	5516_AB_hifi_reads_s463.ctg000464l||full	Other
5516_AB_hifi_reads	7_2019_F4_1	5068_L_run562_hifi_trimmed_deduplicated_s301.ctg000314l||full	59196	0.7969457395769984	5.529393877964727	13.057	0.0502672	5068_L_run562_hifi_trimmed_deduplicated_s301.ctg000314l||full	Other
5516_AB_hifi_reads	7_2019_F4_1	5068_L_run562_hifi_trimmed_deduplicated_s3860.ctg004019l||full_1	25131	0.1364450280530022	0.1364450280530022	0.322198	0.00124041	5068_L_run562_hifi_trimmed_deduplicated_s3860.ctg004019l||full_1	Maveriviricetes
5516_AB_hifi_reads	7_2019_F4_1	5516.AF.hifi_reads_s4994.ctg005025l||full	10759	0.7271121851473186	3.742541128357654	8.83755	0.0340231	5516.AF.hifi_reads_s4994.ctg005025l||full	Other
5516_AB_hifi_reads	7_2019_F4_1	5516_AB_hifi_reads_s100.ctg000101l||full	47011	0.9998298270617516	1.775159005339176	4.19182	0.0161378	5516_AB_hifi_reads_s100.ctg000101l||full	Other
5516_AB_hifi_reads	7_2019_F4_1	5516_AB_hifi_reads_s221.ctg000222l||full	26835	1.0	1.574771753307248	3.71863	0.0143161	5516_AB_hifi_reads_s221.ctg000222l||full	Other
5516_AB_hifi_reads	7_2019_F4_1	5516_AB_hifi_reads_s463.ctg000464l||full	13785	1.0	3.2135654697134566	7.58843	0.0292142	5516_AB_hifi_reads_s463.ctg000464l||full	Other
5516_AJ_hifi_reads	10_2017_F4	4752_CF_run525_CCS_trimmed_deduplicated_s103.ctg000104l||full	29963	0.0851383372826486	0.0851383372826486	0.144543	0.000473517	4752_CF_run525_CCS_trimmed_deduplicated_s103.ctg000104l||full	Other
5516_AJ_hifi_reads	10_2017_F4	5068_L_run562_hifi_trimmed_deduplicated_s301.ctg000314l||full	59196	0.6373910399351308	4.041844043516454	6.86201	0.0224797	5068_L_run562_hifi_trimmed_deduplicated_s301.ctg000314l||full	Other
5516_AJ_hifi_reads	10_2017_F4	5516.AD.hifi_reads_s2295.ctg002301l||full	26541	0.3548095399570475	0.4104592894013036	0.696854	0.00228287	5516.AD.hifi_reads_s2295.ctg002301l||full	Other
5516_AJ_hifi_reads	10_2017_F4	5516.AF.hifi_reads_s4994.ctg005025l||full	10759	0.1181336555441955	0.2356166930012083	0.400016	0.00131044	5516.AF.hifi_reads_s4994.ctg005025l||full	Other
5516_AJ_hifi_reads	10_2017_F4	5516.D.hifi_reads_s160.ctg000161l||full	26805	0.3294907666480134	0.8182055586644282	1.3891	0.00455064	5516.D.hifi_reads_s160.ctg000161l||full	Other
5516_AJ_hifi_reads	10_2017_F4	5516_AB_hifi_reads_s463.ctg000464l||full	13785	0.0806673920928545	0.1458832063837504	0.247672	0.000811364	5516_AB_hifi_reads_s463.ctg000464l||full	Other
5516_M_hifi_reads	9_2018_F4_1	5068_L_run562_hifi_trimmed_deduplicated_s301.ctg000314l||full	59196	0.6546726130143928	4.376596391648084	4.31022	0.0181451	5068_L_run562_hifi_trimmed_deduplicated_s301.ctg000314l||full	Other
5516_M_hifi_reads	9_2018_F4_1	5516.AD.hifi_reads_s2295.ctg002301l||full	26541	0.6351682302852191	1.1553445612448665	1.13782	0.00478999	5516.AD.hifi_reads_s2295.ctg002301l||full	Other
5516_M_hifi_reads	9_2018_F4_1	5516.AF.hifi_reads_s4994.ctg005025l||full	10759	0.9973045822102424	13.611302165628777	13.4049	0.0564316	5516.AF.hifi_reads_s4994.ctg005025l||full	Other
5516_M_hifi_reads	9_2018_F4_1	5516.D.hifi_reads_s160.ctg000161l||full	26805	0.0233911583659764	0.0233911583659764	0.0230364	9.69783e-05	5516.D.hifi_reads_s160.ctg000161l||full	Other
5516_M_hifi_reads	9_2018_F4_1	5516_AB_hifi_reads_s463.ctg000464l||full	13785	0.3106274936525208	5.261443598113892	5.18164	0.0218136	5516_AB_hifi_reads_s463.ctg000464l||full	Other
5516_O_hifi_reads	4_2018_F4_4	4752_CF_run525_CCS_trimmed_deduplicated_s103.ctg000104l||full	29963	0.6265060240963856	0.9735340252978674	0.993009	0.0035726	4752_CF_run525_CCS_trimmed_deduplicated_s103.ctg000104l||full	Other
5516_O_hifi_reads	4_2018_F4_4	5068_L_run562_hifi_trimmed_deduplicated_s301.ctg000314l||full	59196	0.6983748901952834	11.239644570579092	11.4645	0.0412464	5068_L_run562_hifi_trimmed_deduplicated_s301.ctg000314l||full	Other
5516_O_hifi_reads	4_2018_F4_4	5516.AD.hifi_reads_s2295.ctg002301l||full	26541	0.2339399419765645	0.3163407558117629	0.322669	0.00116088	5516.AD.hifi_reads_s2295.ctg002301l||full	Other
5516_O_hifi_reads	4_2018_F4_4	5516.AF.hifi_reads_s4994.ctg005025l||full	10759	0.2537410540013012	0.5617622455618552	0.573	0.00206151	5516.AF.hifi_reads_s4994.ctg005025l||full	Other
5516_O_hifi_reads	4_2018_F4_4	5516.D.hifi_reads_s160.ctg000161l||full	26805	0.4585338556239507	0.8019026301063235	0.817945	0.00294276	5516.D.hifi_reads_s160.ctg000161l||full	Other
5516_O_hifi_reads	4_2018_F4_4	5516.H.hifi_reads_s1930.ctg002193l||full	20784	0.4602097767513471	0.4602097767513471	0.469416	0.00168884	5516.H.hifi_reads_s1930.ctg002193l||full	Other
5516_O_hifi_reads	4_2018_F4_4	5516_AB_hifi_reads_s100.ctg000101l||full	47011	0.1216311076131118	0.1216311076131118	0.124064	0.000446353	5516_AB_hifi_reads_s100.ctg000101l||full	Other
5516_O_hifi_reads	4_2018_F4_4	5516_AB_hifi_reads_s463.ctg000464l||full	13785	0.1591585056220529	1.2572361262241567	1.28239	0.00461371	5516_AB_hifi_reads_s463.ctg000464l||full	Other
5516_P_hifi_reads	5_2018_F4_1	5068_L_run562_hifi_trimmed_deduplicated_s301.ctg000314l||full	59196	0.75	14.8740286505845	17.8574	0.0503181	5068_L_run562_hifi_trimmed_deduplicated_s301.ctg000314l||full	Other
5516_P_hifi_reads	5_2018_F4_1	5516.AF.hifi_reads_s4994.ctg005025l||full	10759	0.3660191467608514	0.5542336648387397	0.665399	0.00187494	5516.AF.hifi_reads_s4994.ctg005025l||full	Other
5516_P_hifi_reads	5_2018_F4_1	5516_AB_hifi_reads_s463.ctg000464l||full	13785	0.082480957562568	0.1069278200943054	0.128375	0.000361731	5516_AB_hifi_reads_s463.ctg000464l||full	Other
5516_R_hifi_reads	6_2018_F4_2	4752_CF_run525_CCS_trimmed_deduplicated_s103.ctg000104l||full	29963	0.0895437706504689	0.0895437706504689	0.118245	0.000385466	4752_CF_run525_CCS_trimmed_deduplicated_s103.ctg000104l||full	Other
5516_R_hifi_reads	6_2018_F4_2	5068_L_run562_hifi_trimmed_deduplicated_s301.ctg000314l||full	59196	0.8401243327251842	7.628623555645651	10.0738	0.0328395	5068_L_run562_hifi_trimmed_deduplicated_s301.ctg000314l||full	Other
5516_R_hifi_reads	6_2018_F4_2	5516.AF.hifi_reads_s4994.ctg005025l||full	10759	0.1180407101031694	0.9474858258202437	1.25118	0.00407872	5516.AF.hifi_reads_s4994.ctg005025l||full	Other
5516_R_hifi_reads	6_2018_F4_2	5516.K.hifi_reads_s557.ctg000566l||full	15539	0.4253169444623206	0.8564901216294485	1.13102	0.003687	5516.K.hifi_reads_s557.ctg000566l||full	Arfiviricetes
5516_R_hifi_reads	6_2018_F4_2	5516_AB_hifi_reads_s100.ctg000101l||full	47011	0.1119099785156665	0.1308417178958116	0.17278	0.000563245	5516_AB_hifi_reads_s100.ctg000101l||full	Other
5516_R_hifi_reads	6_2018_F4_2	5516_AB_hifi_reads_s463.ctg000464l||full	13785	0.079651795429815	0.2021037359448676	0.266884	0.000870012	5516_AB_hifi_reads_s463.ctg000464l||full	Other
5516_R_hifi_reads	6_2018_F4_2	5516_R_hifi_reads_s1287.ctg001288l||full_1	29380	0.8810415248468346	2.1490810074880877	2.83793	0.00925132	5516_R_hifi_reads_s1287.ctg001288l||full_1	Other
5516_T_hifi_reads	8_2017_F4_2	5068_L_run562_hifi_trimmed_deduplicated_s301.ctg000314l||full	59196	0.743428610041219	8.585951753496857	9.23102	0.0319656	5068_L_run562_hifi_trimmed_deduplicated_s301.ctg000314l||full	Other
5516_T_hifi_reads	8_2017_F4_2	5516.AF.hifi_reads_s4994.ctg005025l||full	10759	0.9930290919230412	4.126219908913468	4.43623	0.015362	5516.AF.hifi_reads_s4994.ctg005025l||full	Other
5516_T_hifi_reads	8_2017_F4_2	5516.D.hifi_reads_s160.ctg000161l||full	26805	0.1516135049431076	0.191643350121246	0.206042	0.00071349	5516.D.hifi_reads_s160.ctg000161l||full	Other
5516_T_hifi_reads	8_2017_F4_2	5516.H.hifi_reads_s1930.ctg002193l||full	20784	0.2568321785989222	0.2568321785989222	0.276128	0.000956188	5516.H.hifi_reads_s1930.ctg002193l||full	Other
5516_T_hifi_reads	8_2017_F4_2	5516_AB_hifi_reads_s100.ctg000101l||full	47011	0.1034651464550849	0.1034651464550849	0.111239	0.000385202	5516_AB_hifi_reads_s100.ctg000101l||full	Other
5516_T_hifi_reads	8_2017_F4_2	5516_AB_hifi_reads_s463.ctg000464l||full	13785	0.4771853463910047	2.297932535364527	2.47058	0.00855522	5516_AB_hifi_reads_s463.ctg000464l||full	Other
5516_U_hifi_reads	9_2017_F4_1	5068_L_run562_hifi_trimmed_deduplicated_s301.ctg000314l||full	59196	0.6264105682816407	5.403642137982296	6.73109	0.0255371	5068_L_run562_hifi_trimmed_deduplicated_s301.ctg000314l||full	Other
5516_U_hifi_reads	9_2017_F4_1	5516.AD.hifi_reads_s2295.ctg002301l||full	26541	0.2512716174974567	0.2512716174974567	0.312998	0.00118748	5516.AD.hifi_reads_s2295.ctg002301l||full	Other
5516_U_hifi_reads	9_2017_F4_1	5516.AF.hifi_reads_s4994.ctg005025l||full	10759	0.9009201598661586	2.9425597174458598	3.66542	0.0139062	5516.AF.hifi_reads_s4994.ctg005025l||full	Other
5516_U_hifi_reads	9_2017_F4_1	5516_AB_hifi_reads_s463.ctg000464l||full	13785	0.320348204570185	1.7414581066376495	2.16926	0.00822995	5516_AB_hifi_reads_s463.ctg000464l||full	Other
